time,accX,accY,accZ,rotX,rotY,rotZ,temp1,temp2,press
155328.00,0.00,0.15,0.00,0.00,1.09,0.20,37.28,nan,nan
155339.00,0.00,0.00,0.00,0.00,0.00,0.00,36.53,nan,nan
155349.00,0.00,0.00,0.00,0.00,0.00,0.00,36.53,nan,nan
155359.00,0.00,0.00,0.00,0.00,0.00,0.00,36.53,nan,nan
155369.00,0.00,0.00,0.00,0.00,0.00,0.00,36.53,nan,nan
155379.00,0.00,0.00,0.00,0.00,0.00,0.00,36.53,nan,nan
155389.00,0.00,0.00,0.00,0.00,0.00,0.00,36.53,nan,nan
155399.00,0.00,0.00,0.00,0.00,0.00,0.00,36.53,nan,nan
155409.00,0.00,0.00,0.00,0.00,0.00,0.00,36.53,nan,nan
155419.00,0.00,0.00,0.00,0.00,0.00,0.00,36.53,nan,nan
155429.00,0.00,0.00,0.00,0.00,0.00,0.00,36.53,nan,nan
155439.00,0.00,0.00,0.00,0.00,0.00,0.00,36.53,nan,nan
155449.00,0.00,0.00,0.00,0.00,0.00,0.00,36.53,nan,nan
155459.00,0.00,0.00,0.00,0.00,0.00,0.00,36.53,nan,nan
155469.00,0.00,0.00,0.00,0.00,0.00,0.00,36.53,nan,nan
155479.00,0.00,0.00,0.00,0.00,0.00,0.00,36.53,nan,nan
155489.00,0.00,0.00,0.00,0.00,0.00,0.00,36.53,nan,nan
155499.00,0.00,0.00,0.00,0.00,0.00,0.00,36.53,nan,nan
155509.00,0.00,0.00,0.00,0.00,0.00,0.00,36.53,nan,nan
155519.00,0.00,0.00,0.00,0.00,0.00,0.00,36.53,nan,nan
155529.00,0.00,0.00,0.00,0.00,0.00,0.00,36.53,nan,nan
155539.00,0.00,0.00,0.00,0.00,0.00,0.00,36.53,nan,nan
155549.00,0.00,0.00,0.00,0.00,0.00,0.00,36.53,nan,nan
155559.00,0.00,0.00,0.00,0.00,0.00,0.00,36.53,nan,nan
155569.00,0.00,0.00,0.00,0.00,0.00,0.00,36.53,nan,nan
155579.00,0.00,0.00,0.00,0.00,0.00,0.00,36.53,nan,nan
155589.00,0.00,0.00,0.00,0.00,0.00,0.00,36.53,nan,nan
155599.00,0.00,0.00,0.00,0.00,0.00,0.00,36.53,nan,nan
155609.00,0.00,0.00,0.00,0.00,0.00,0.00,36.53,nan,nan
155619.00,0.00,0.00,0.00,0.00,0.00,0.00,36.53,nan,nan
155629.00,0.00,0.00,0.00,0.00,0.00,0.00,36.53,nan,nan
155639.00,0.00,0.00,0.00,0.00,0.00,0.00,36.53,nan,nan
155649.00,0.00,0.00,0.00,0.00,0.00,0.00,36.53,nan,nan
155659.00,0.00,0.00,0.00,0.00,0.00,0.00,36.53,nan,nan
155669.00,0.00,0.00,0.00,0.00,0.00,0.00,36.53,nan,nan
155679.00,0.00,0.00,0.00,0.00,0.00,0.00,36.53,nan,nan
155689.00,0.00,0.00,0.00,0.00,0.00,0.00,36.53,nan,nan
155699.00,0.00,0.00,0.00,0.00,0.00,0.00,36.53,nan,nan
155709.00,0.00,0.00,0.00,0.00,0.00,0.00,36.53,nan,nan
155719.00,0.00,0.00,0.00,0.00,0.00,0.00,36.53,nan,nan
155729.00,0.00,0.00,0.00,0.00,0.00,0.00,36.53,nan,nan
155739.00,0.00,0.00,0.00,0.00,0.00,0.00,36.53,nan,nan
155749.00,0.00,0.00,0.00,0.00,0.00,0.00,36.53,nan,nan
155759.00,0.00,0.00,0.00,0.00,0.00,0.00,36.53,nan,nan
155769.00,0.00,0.00,0.00,0.00,0.00,0.00,36.53,nan,nan
155779.00,0.00,0.00,0.00,0.00,0.00,0.00,36.53,nan,nan
155789.00,0.00,0.00,0.00,0.00,0.00,0.00,36.53,nan,nan
155799.00,0.00,0.00,0.00,0.00,0.00,0.00,36.53,nan,nan
155809.00,0.00,0.00,0.00,0.00,0.00,0.00,36.53,nan,nan
155819.00,0.00,0.00,0.00,0.00,0.00,0.00,36.53,nan,nan
155829.00,0.00,0.00,0.00,0.00,0.00,0.00,36.53,nan,nan
155839.00,0.00,0.00,0.00,0.00,0.00,0.00,36.53,nan,nan
155849.00,0.00,0.00,0.00,0.00,0.00,0.00,36.53,nan,nan
155859.00,0.00,0.00,0.00,0.00,0.00,0.00,36.53,nan,nan
155869.00,0.00,0.00,0.00,0.00,0.00,0.00,36.53,nan,nan
155879.00,0.00,0.00,0.00,0.00,0.00,0.00,36.53,nan,nan
155889.00,0.00,0.00,0.00,0.00,0.00,0.00,36.53,nan,nan
155899.00,0.00,0.00,0.00,0.00,0.00,0.00,36.53,nan,nan
155909.00,0.00,0.00,0.00,0.00,0.00,0.00,36.53,nan,nan
155919.00,0.00,0.00,0.00,0.00,0.00,0.00,36.53,nan,nan
155929.00,0.00,0.00,0.00,0.00,0.00,0.00,36.53,nan,nan
155939.00,0.00,0.00,0.00,0.00,0.00,0.00,36.53,nan,nan
155949.00,0.00,0.00,0.00,0.00,0.00,0.00,36.53,nan,nan
155959.00,0.00,0.00,0.00,0.00,0.00,0.00,36.53,nan,nan
155969.00,0.00,0.00,0.00,0.00,0.00,0.00,36.53,nan,nan
155979.00,0.00,0.00,0.00,0.00,0.00,0.00,36.53,nan,nan
155989.00,0.00,0.00,0.00,0.00,0.00,0.00,36.53,nan,nan
155999.00,0.00,0.00,0.00,0.00,0.00,0.00,36.53,nan,nan
156009.00,0.00,0.00,0.00,0.00,0.00,0.00,36.53,nan,nan
156019.00,0.00,0.00,0.00,0.00,0.00,0.00,36.53,nan,nan
156029.00,0.00,0.00,0.00,0.00,0.00,0.00,36.53,nan,nan
156039.00,0.00,0.00,0.00,0.00,0.00,0.00,36.53,nan,nan
156049.00,0.00,0.00,0.00,0.00,0.00,0.00,36.53,nan,nan
156059.00,0.00,0.00,0.00,0.00,0.00,0.00,36.53,nan,nan
156069.00,0.00,0.00,0.00,0.00,0.00,0.00,36.53,nan,nan
156079.00,0.00,0.00,0.00,0.00,0.00,0.00,36.53,nan,nan
156089.00,0.00,0.00,0.00,0.00,0.00,0.00,36.53,nan,nan
156099.00,0.00,0.00,0.00,0.00,0.00,0.00,36.53,nan,nan
156109.00,0.00,0.00,0.00,0.00,0.00,0.00,36.53,nan,nan
156119.00,0.00,0.00,0.00,0.00,0.00,0.00,36.53,nan,nan
156129.00,0.00,0.00,0.00,0.00,0.00,0.00,36.53,nan,nan
156139.00,0.00,0.00,0.00,0.00,0.00,0.00,36.53,nan,nan
156149.00,0.00,0.00,0.00,0.00,0.00,0.00,36.53,nan,nan
156159.00,0.00,0.00,0.00,0.00,0.00,0.00,36.53,nan,nan
156169.00,0.00,0.00,0.00,0.00,0.00,0.00,36.53,nan,nan
156179.00,0.00,0.00,0.00,0.00,0.00,0.00,36.53,nan,nan
156189.00,0.00,0.00,0.00,0.00,0.00,0.00,36.53,nan,nan
156199.00,0.00,0.00,0.00,0.00,0.00,0.00,36.53,nan,nan
156209.00,0.00,0.00,0.00,0.00,0.00,0.00,36.53,nan,nan
156219.00,0.00,0.00,0.00,0.00,0.00,0.00,36.53,nan,nan
156229.00,0.00,0.00,0.00,0.00,0.00,0.00,36.53,nan,nan
156239.00,0.00,0.00,0.00,0.00,0.00,0.00,36.53,nan,nan
156249.00,0.00,0.00,0.00,0.00,0.00,0.00,36.53,nan,nan
156259.00,0.00,0.00,0.00,0.00,0.00,0.00,36.53,nan,nan
156269.00,0.00,0.00,0.00,0.00,0.00,0.00,36.53,nan,nan
156279.00,0.00,0.00,0.00,0.00,0.00,0.00,36.53,nan,nan
156289.00,0.00,0.00,0.00,0.00,0.00,0.00,36.53,nan,nan
156299.00,0.00,0.00,0.00,0.00,0.00,0.00,36.53,nan,nan
156309.00,0.00,0.00,0.00,0.00,0.00,0.00,36.53,nan,nan
156319.00,0.00,0.00,0.00,0.00,0.00,0.00,36.53,nan,nan
156329.00,0.00,0.00,0.00,0.00,0.00,0.00,36.53,nan,nan
156339.00,0.00,0.00,0.00,0.00,0.00,0.00,36.53,nan,nan
156349.00,0.00,0.00,0.00,0.00,0.00,0.00,36.53,nan,nan
156359.00,0.00,0.00,0.00,0.00,0.00,0.00,36.53,nan,nan
156369.00,0.00,0.00,0.00,0.00,0.00,0.00,36.53,nan,nan
156379.00,0.00,0.00,0.00,0.00,0.00,0.00,36.53,nan,nan
156389.00,0.00,0.00,0.00,0.00,0.00,0.00,36.53,nan,nan
156399.00,0.00,0.00,0.00,0.00,0.00,0.00,36.53,nan,nan
156409.00,0.00,0.00,0.00,0.00,0.00,0.00,36.53,nan,nan
156419.00,0.00,0.00,0.00,0.00,0.00,0.00,36.53,nan,nan
156429.00,0.00,0.00,0.00,0.00,0.00,0.00,36.53,nan,nan
156439.00,0.00,0.00,0.00,0.00,0.00,0.00,36.53,nan,nan
156449.00,0.00,0.00,0.00,0.00,0.00,0.00,36.53,nan,nan
156459.00,0.00,0.00,0.00,0.00,0.00,0.00,36.53,nan,nan
156469.00,0.00,0.00,0.00,0.00,0.00,0.00,36.53,nan,nan
156479.00,0.00,0.00,0.00,0.00,0.00,0.00,36.53,nan,nan
156489.00,0.00,0.00,0.00,0.00,0.00,0.00,36.53,nan,nan
156499.00,0.00,0.00,0.00,0.00,0.00,0.00,36.53,nan,nan
156509.00,0.00,0.00,0.00,0.00,0.00,0.00,36.53,nan,nan
156519.00,0.00,0.00,0.00,0.00,0.00,0.00,36.53,nan,nan
156529.00,0.00,0.00,0.00,0.00,0.00,0.00,36.53,nan,nan
156539.00,0.00,0.00,0.00,0.00,0.00,0.00,36.53,nan,nan
156549.00,0.00,0.00,0.00,0.00,0.00,0.00,36.53,nan,nan
156559.00,0.00,0.00,0.00,0.00,0.00,0.00,36.53,nan,nan
156569.00,0.00,0.00,0.00,0.00,0.00,0.00,36.53,nan,nan
156579.00,0.00,0.00,0.00,0.00,0.00,0.00,36.53,nan,nan
156589.00,0.00,0.00,0.00,0.00,0.00,0.00,36.53,nan,nan
156599.00,0.00,0.00,0.00,0.00,0.00,0.00,36.53,nan,nan
156609.00,0.00,0.00,0.00,0.00,0.00,0.00,36.53,nan,nan
156619.00,0.00,0.00,0.00,0.00,0.00,0.00,36.53,nan,nan
156629.00,0.00,0.00,0.00,0.00,0.00,0.00,36.53,nan,nan
156639.00,0.00,0.00,0.00,0.00,0.00,0.00,36.53,nan,nan
156649.00,0.00,0.00,0.00,0.00,0.00,0.00,36.53,nan,nan
156659.00,0.00,0.00,0.00,0.00,0.00,0.00,36.53,nan,nan
156669.00,0.00,0.00,0.00,0.00,0.00,0.00,36.53,nan,nan
156679.00,0.00,0.00,0.00,0.00,0.00,0.00,36.53,nan,nan
156689.00,0.00,0.00,0.00,0.00,0.00,0.00,36.53,nan,nan
156699.00,0.00,0.00,0.00,0.00,0.00,0.00,36.53,nan,nan
156709.00,0.00,0.00,0.00,0.00,0.00,0.00,36.53,nan,nan
156719.00,0.00,0.00,0.00,0.00,0.00,0.00,36.53,nan,nan
156729.00,0.00,0.00,0.00,0.00,0.00,0.00,36.53,nan,nan
156739.00,0.00,0.00,0.00,0.00,0.00,0.00,36.53,nan,nan
156749.00,0.00,0.00,0.00,0.00,0.00,0.00,36.53,nan,nan
156759.00,0.00,0.00,0.00,0.00,0.00,0.00,36.53,nan,nan
156769.00,0.00,0.00,0.00,0.00,0.00,0.00,36.53,nan,nan
156779.00,0.00,0.00,0.00,0.00,0.00,0.00,36.53,nan,nan
156789.00,0.00,0.00,0.00,0.00,0.00,0.00,36.53,nan,nan
156799.00,0.00,0.00,0.00,0.00,0.00,0.00,36.53,nan,nan
156809.00,0.00,0.00,0.00,0.00,0.00,0.00,36.53,nan,nan
156819.00,0.00,0.00,0.00,0.00,0.00,0.00,36.53,nan,nan
156829.00,0.00,0.00,0.00,0.00,0.00,0.00,36.53,nan,nan
156839.00,0.00,0.00,0.00,0.00,0.00,0.00,36.53,nan,nan
156849.00,0.00,0.00,0.00,0.00,0.00,0.00,36.53,nan,nan
156859.00,0.00,0.00,0.00,0.00,0.00,0.00,36.53,nan,nan
156869.00,0.00,0.00,0.00,0.00,0.00,0.00,36.53,nan,nan
156879.00,0.00,0.00,0.00,0.00,0.00,0.00,36.53,nan,nan
156889.00,0.00,0.00,0.00,0.00,0.00,0.00,36.53,nan,nan
156899.00,0.00,0.00,0.00,0.00,0.00,0.00,36.53,nan,nan
156909.00,0.00,0.00,0.00,0.00,0.00,0.00,36.53,nan,nan
156919.00,0.00,0.00,0.00,0.00,0.00,0.00,36.53,nan,nan
156929.00,0.00,0.00,0.00,0.00,0.00,0.00,36.53,nan,nan
156939.00,0.00,0.00,0.00,0.00,0.00,0.00,36.53,nan,nan
156949.00,0.00,0.00,0.00,0.00,0.00,0.00,36.53,nan,nan
156959.00,0.00,0.00,0.00,0.00,0.00,0.00,36.53,nan,nan
156969.00,0.00,0.00,0.00,0.00,0.00,0.00,36.53,nan,nan
156979.00,0.00,0.00,0.00,0.00,0.00,0.00,36.53,nan,nan
156989.00,0.00,0.00,0.00,0.00,0.00,0.00,36.53,nan,nan
156999.00,0.00,0.00,0.00,0.00,0.00,0.00,36.53,nan,nan
157009.00,0.00,0.00,0.00,0.00,0.00,0.00,36.53,nan,nan
157019.00,0.00,0.00,0.00,0.00,0.00,0.00,36.53,nan,nan
157029.00,0.00,0.00,0.00,0.00,0.00,0.00,36.53,nan,nan
157039.00,0.00,0.00,0.00,0.00,0.00,0.00,36.53,nan,nan
157049.00,0.00,0.00,0.00,0.00,0.00,0.00,36.53,nan,nan
157059.00,0.00,0.00,0.00,0.00,0.00,0.00,36.53,nan,nan
157069.00,0.00,0.00,0.00,0.00,0.00,0.00,36.53,nan,nan
157079.00,0.00,0.00,0.00,0.00,0.00,0.00,36.53,nan,nan
157089.00,0.00,0.00,0.00,0.00,0.00,0.00,36.53,nan,nan
157099.00,0.00,0.00,0.00,0.00,0.00,0.00,36.53,nan,nan
157109.00,0.00,0.00,0.00,0.00,0.00,0.00,36.53,nan,nan
157119.00,0.00,0.00,0.00,0.00,0.00,0.00,36.53,nan,nan
157129.00,0.00,0.00,0.00,0.00,0.00,0.00,36.53,nan,nan
157139.00,0.00,0.00,0.00,0.00,0.00,0.00,36.53,nan,nan
157149.00,0.00,0.00,0.00,0.00,0.00,0.00,36.53,nan,nan
157159.00,0.00,0.00,0.00,0.00,0.00,0.00,36.53,nan,nan
157169.00,0.00,0.00,0.00,0.00,0.00,0.00,36.53,nan,nan
157179.00,0.00,0.00,0.00,0.00,0.00,0.00,36.53,nan,nan
157189.00,0.00,0.00,0.00,0.00,0.00,0.00,36.53,nan,nan
157199.00,0.00,0.00,0.00,0.00,0.00,0.00,36.53,nan,nan
157209.00,0.00,0.00,0.00,0.00,0.00,0.00,36.53,nan,nan
157219.00,0.00,0.00,0.00,0.00,0.00,0.00,36.53,nan,nan
157229.00,0.00,0.00,0.00,0.00,0.00,0.00,36.53,nan,nan
157239.00,0.00,0.00,0.00,0.00,0.00,0.00,36.53,nan,nan
157249.00,0.00,0.00,0.00,0.00,0.00,0.00,36.53,nan,nan
157259.00,0.00,0.00,0.00,0.00,0.00,0.00,36.53,nan,nan
157269.00,0.00,0.00,0.00,0.00,0.00,0.00,36.53,nan,nan
157279.00,0.00,0.00,0.00,0.00,0.00,0.00,36.53,nan,nan
157289.00,0.00,0.00,0.00,0.00,0.00,0.00,36.53,nan,nan
157299.00,0.00,0.00,0.00,0.00,0.00,0.00,36.53,nan,nan
157309.00,0.00,0.00,0.00,0.00,0.00,0.00,36.53,nan,nan
157319.00,0.00,0.00,0.00,0.00,0.00,0.00,36.53,nan,nan
157329.00,0.00,0.00,0.00,0.00,0.00,0.00,36.53,nan,nan
157339.00,0.00,0.00,0.00,0.00,0.00,0.00,36.53,nan,nan
157349.00,0.00,0.00,0.00,0.00,0.00,0.00,36.53,nan,nan
157359.00,0.00,0.00,0.00,0.00,0.00,0.00,36.53,nan,nan
157369.00,0.00,0.00,0.00,0.00,0.00,0.00,36.53,nan,nan
157379.00,0.00,0.00,0.00,0.00,0.00,0.00,36.53,nan,nan
157389.00,0.00,0.00,0.00,0.00,0.00,0.00,36.53,nan,nan
157399.00,0.00,0.00,0.00,0.00,0.00,0.00,36.53,nan,nan
157409.00,0.00,0.00,0.00,0.00,0.00,0.00,36.53,nan,nan
157419.00,0.00,0.00,0.00,0.00,0.00,0.00,36.53,nan,nan
157429.00,0.00,0.00,0.00,0.00,0.00,0.00,36.53,nan,nan
157439.00,0.00,0.00,0.00,0.00,0.00,0.00,36.53,nan,nan
157449.00,0.00,0.00,0.00,0.00,0.00,0.00,36.53,nan,nan
157459.00,0.00,0.00,0.00,0.00,0.00,0.00,36.53,nan,nan
157469.00,0.00,0.00,0.00,0.00,0.00,0.00,36.53,nan,nan
157479.00,0.00,0.00,0.00,0.00,0.00,0.00,36.53,nan,nan
157489.00,0.00,0.00,0.00,0.00,0.00,0.00,36.53,nan,nan
157499.00,0.00,0.00,0.00,0.00,0.00,0.00,36.53,nan,nan
157509.00,0.00,0.00,0.00,0.00,0.00,0.00,36.53,nan,nan
157519.00,0.00,0.00,0.00,0.00,0.00,0.00,36.53,nan,nan
157529.00,0.00,0.00,0.00,0.00,0.00,0.00,36.53,nan,nan
157539.00,0.00,0.00,0.00,0.00,0.00,0.00,36.53,nan,nan
157549.00,0.00,0.00,0.00,0.00,0.00,0.00,36.53,nan,nan
157559.00,0.00,0.00,0.00,0.00,0.00,0.00,36.53,nan,nan
157569.00,0.00,0.00,0.00,0.00,0.00,0.00,36.53,nan,nan
157579.00,0.00,0.00,0.00,0.00,0.00,0.00,36.53,nan,nan
157589.00,0.00,0.00,0.00,0.00,0.00,0.00,36.53,nan,nan
157599.00,0.00,0.00,0.00,0.00,0.00,0.00,36.53,nan,nan
157609.00,0.00,0.00,0.00,0.00,0.00,0.00,36.53,nan,nan
157619.00,0.00,0.00,0.00,0.00,0.00,0.00,36.53,nan,nan
157629.00,0.00,0.00,0.00,0.00,0.00,0.00,36.53,nan,nan
157639.00,0.00,0.00,0.00,0.00,0.00,0.00,36.53,nan,nan
157649.00,0.00,0.00,0.00,0.00,0.00,0.00,36.53,nan,nan
157659.00,0.00,0.00,0.00,0.00,0.00,0.00,36.53,nan,nan
157669.00,0.00,0.00,0.00,0.00,0.00,0.00,36.53,nan,nan
157679.00,0.00,0.00,0.00,0.00,0.00,0.00,36.53,nan,nan
157689.00,0.00,0.00,0.00,0.00,0.00,0.00,36.53,nan,nan
157699.00,0.00,0.00,0.00,0.00,0.00,0.00,36.53,nan,nan
157709.00,0.00,0.00,0.00,0.00,0.00,0.00,36.53,nan,nan
157719.00,0.00,0.00,0.00,0.00,0.00,0.00,36.53,nan,nan
157729.00,0.00,0.00,0.00,0.00,0.00,0.00,36.53,nan,nan
157739.00,0.00,0.00,0.00,0.00,0.00,0.00,36.53,nan,nan
157749.00,0.00,0.00,0.00,0.00,0.00,0.00,36.53,nan,nan
157759.00,0.00,0.00,0.00,0.00,0.00,0.00,36.53,nan,nan
157769.00,0.00,0.00,0.00,0.00,0.00,0.00,36.53,nan,nan
157779.00,0.00,0.00,0.00,0.00,0.00,0.00,36.53,nan,nan
157789.00,0.00,0.00,0.00,0.00,0.00,0.00,36.53,nan,nan
157799.00,0.00,0.00,0.00,0.00,0.00,0.00,36.53,nan,nan
157809.00,0.00,0.00,0.00,0.00,0.00,0.00,36.53,nan,nan
157819.00,0.00,0.00,0.00,0.00,0.00,0.00,36.53,nan,nan
157829.00,0.00,0.00,0.00,0.00,0.00,0.00,36.53,nan,nan
157839.00,0.00,0.00,0.00,0.00,0.00,0.00,36.53,nan,nan
157849.00,0.00,0.00,0.00,0.00,0.00,0.00,36.53,nan,nan
157859.00,0.00,0.00,0.00,0.00,0.00,0.00,36.53,nan,nan
157869.00,0.00,0.00,0.00,0.00,0.00,0.00,36.53,nan,nan
157879.00,0.00,0.00,0.00,0.00,0.00,0.00,36.53,nan,nan
157889.00,0.00,0.00,0.00,0.00,0.00,0.00,36.53,nan,nan
157899.00,0.00,0.00,0.00,0.00,0.00,0.00,36.53,nan,nan
157909.00,0.00,0.00,0.00,0.00,0.00,0.00,36.53,nan,nan
157919.00,0.00,0.00,0.00,0.00,0.00,0.00,36.53,nan,nan
157929.00,0.00,0.00,0.00,0.00,0.00,0.00,36.53,nan,nan
157939.00,0.00,0.00,0.00,0.00,0.00,0.00,36.53,nan,nan
157949.00,0.00,0.00,0.00,0.00,0.00,0.00,36.53,nan,nan
157959.00,0.00,0.00,0.00,0.00,0.00,0.00,36.53,nan,nan
157969.00,0.00,0.00,0.00,0.00,0.00,0.00,36.53,nan,nan
157979.00,0.00,0.00,0.00,0.00,0.00,0.00,36.53,nan,nan
157989.00,0.00,0.00,0.00,0.00,0.00,0.00,36.53,nan,nan
157999.00,0.00,0.00,0.00,0.00,0.00,0.00,36.53,nan,nan
158009.00,0.00,0.00,0.00,0.00,0.00,0.00,36.53,nan,nan
158019.00,0.00,0.00,0.00,0.00,0.00,0.00,36.53,nan,nan
158029.00,0.00,0.00,0.00,0.00,0.00,0.00,36.53,nan,nan
158039.00,0.00,0.00,0.00,0.00,0.00,0.00,36.53,nan,nan
158050.00,0.00,0.00,0.00,0.00,0.00,0.00,36.53,nan,nan
158059.00,0.00,0.00,0.00,0.00,0.00,0.00,36.53,nan,nan
158069.00,0.00,0.00,0.00,0.00,0.00,0.00,36.53,nan,nan
158079.00,0.00,0.00,0.00,0.00,0.00,0.00,36.53,nan,nan
158089.00,0.00,0.00,0.00,0.00,0.00,0.00,36.53,nan,nan
158099.00,0.00,0.00,0.00,0.00,0.00,0.00,36.53,nan,nan
158109.00,0.00,0.00,0.00,0.00,0.00,0.00,36.53,nan,nan
158119.00,0.00,0.00,0.00,0.00,0.00,0.00,36.53,nan,nan
158129.00,0.00,0.00,0.00,0.00,0.00,0.00,36.53,nan,nan
158139.00,0.00,0.00,0.00,0.00,0.00,0.00,36.53,nan,nan
158149.00,0.00,0.00,0.00,0.00,0.00,0.00,36.53,nan,nan
158159.00,0.00,0.00,0.00,0.00,0.00,0.00,36.53,nan,nan
158169.00,0.00,0.00,0.00,0.00,0.00,0.00,36.53,nan,nan
158179.00,0.00,0.00,0.00,0.00,0.00,0.00,36.53,nan,nan
158189.00,0.00,0.00,0.00,0.00,0.00,0.00,36.53,nan,nan
158199.00,0.00,0.00,0.00,0.00,0.00,0.00,36.53,nan,nan
158209.00,0.00,0.00,0.00,0.00,0.00,0.00,36.53,nan,nan
158219.00,0.00,0.00,0.00,0.00,0.00,0.00,36.53,nan,nan
158229.00,0.00,0.00,0.00,0.00,0.00,0.00,36.53,nan,nan
158239.00,0.00,0.00,0.00,0.00,0.00,0.00,36.53,nan,nan
158249.00,0.00,0.00,0.00,0.00,0.00,0.00,36.53,nan,nan
158259.00,0.00,0.00,0.00,0.00,0.00,0.00,36.53,nan,nan
158269.00,0.00,0.00,0.00,0.00,0.00,0.00,36.53,nan,nan
158279.00,0.00,0.00,0.00,0.00,0.00,0.00,36.53,nan,nan
158289.00,0.00,0.00,0.00,0.00,0.00,0.00,36.53,nan,nan
158299.00,0.00,0.00,0.00,0.00,0.00,0.00,36.53,nan,nan
158309.00,0.00,0.00,0.00,0.00,0.00,0.00,36.53,nan,nan
158319.00,0.00,0.00,0.00,0.00,0.00,0.00,36.53,nan,nan
158329.00,0.00,0.00,0.00,0.00,0.00,0.00,36.53,nan,nan
158339.00,0.00,0.00,0.00,0.00,0.00,0.00,36.53,nan,nan
158349.00,0.00,0.00,0.00,0.00,0.00,0.00,36.53,nan,nan
158359.00,0.00,0.00,0.00,0.00,0.00,0.00,36.53,nan,nan
158369.00,0.00,0.00,0.00,0.00,0.00,0.00,36.53,nan,nan
158379.00,0.00,0.00,0.00,0.00,0.00,0.00,36.53,nan,nan
158389.00,0.00,0.00,0.00,0.00,0.00,0.00,36.53,nan,nan
158399.00,0.00,0.00,0.00,0.00,0.00,0.00,36.53,nan,nan
158409.00,0.00,0.00,0.00,0.00,0.00,0.00,36.53,nan,nan
158419.00,0.00,0.00,0.00,0.00,0.00,0.00,36.53,nan,nan
158429.00,0.00,0.00,0.00,0.00,0.00,0.00,36.53,nan,nan
158439.00,0.00,0.00,0.00,0.00,0.00,0.00,36.53,nan,nan
158449.00,0.00,0.00,0.00,0.00,0.00,0.00,36.53,nan,nan
158459.00,0.00,0.00,0.00,0.00,0.00,0.00,36.53,nan,nan
158469.00,0.00,0.00,0.00,0.00,0.00,0.00,36.53,nan,nan
158479.00,0.00,0.00,0.00,0.00,0.00,0.00,36.53,nan,nan
158489.00,0.00,0.00,0.00,0.00,0.00,0.00,36.53,nan,nan
158499.00,0.00,0.00,0.00,0.00,0.00,0.00,36.53,nan,nan
158509.00,0.00,0.00,0.00,0.00,0.00,0.00,36.53,nan,nan
158519.00,0.00,0.00,0.00,0.00,0.00,0.00,36.53,nan,nan
158529.00,0.00,0.00,0.00,0.00,0.00,0.00,36.53,nan,nan
158539.00,0.00,0.00,0.00,0.00,0.00,0.00,36.53,nan,nan
158549.00,0.00,0.00,0.00,0.00,0.00,0.00,36.53,nan,nan
158559.00,0.00,0.00,0.00,0.00,0.00,0.00,36.53,nan,nan
158569.00,0.00,0.00,0.00,0.00,0.00,0.00,36.53,nan,nan
158579.00,0.00,0.00,0.00,0.00,0.00,0.00,36.53,nan,nan
158589.00,0.00,0.00,0.00,0.00,0.00,0.00,36.53,nan,nan
158599.00,0.00,0.00,0.00,0.00,0.00,0.00,36.53,nan,nan
158609.00,0.00,0.00,0.00,0.00,0.00,0.00,36.53,nan,nan
158619.00,0.00,0.00,0.00,0.00,0.00,0.00,36.53,nan,nan
158629.00,0.00,0.00,0.00,0.00,0.00,0.00,36.53,nan,nan
158639.00,0.00,0.00,0.00,0.00,0.00,0.00,36.53,nan,nan
158649.00,0.00,0.00,0.00,0.00,0.00,0.00,36.53,nan,nan
158659.00,0.00,0.00,0.00,0.00,0.00,0.00,36.53,nan,nan
158669.00,0.00,0.00,0.00,0.00,0.00,0.00,36.53,nan,nan
158679.00,0.00,0.00,0.00,0.00,0.00,0.00,36.53,nan,nan
158689.00,0.00,0.00,0.00,0.00,0.00,0.00,36.53,nan,nan
158699.00,0.00,0.00,0.00,0.00,0.00,0.00,36.53,nan,nan
158709.00,0.00,0.00,0.00,0.00,0.00,0.00,36.53,nan,nan
158719.00,0.00,0.00,0.00,0.00,0.00,0.00,36.53,nan,nan
158729.00,0.00,0.00,0.00,0.00,0.00,0.00,36.53,nan,nan
158739.00,0.00,0.00,0.00,0.00,0.00,0.00,36.53,nan,nan
158749.00,0.00,0.00,0.00,0.00,0.00,0.00,36.53,nan,nan
158759.00,0.00,0.00,0.00,0.00,0.00,0.00,36.53,nan,nan
158769.00,0.00,0.00,0.00,0.00,0.00,0.00,36.53,nan,nan
158779.00,0.00,0.00,0.00,0.00,0.00,0.00,36.53,nan,nan
158789.00,0.00,0.00,0.00,0.00,0.00,0.00,36.53,nan,nan
158799.00,0.00,0.00,0.00,0.00,0.00,0.00,36.53,nan,nan
158809.00,0.00,0.00,0.00,0.00,0.00,0.00,36.53,nan,nan
158819.00,0.00,0.00,0.00,0.00,0.00,0.00,36.53,nan,nan
158829.00,0.00,0.00,0.00,0.00,0.00,0.00,36.53,nan,nan
158839.00,0.00,0.00,0.00,0.00,0.00,0.00,36.53,nan,nan
158849.00,0.00,0.00,0.00,0.00,0.00,0.00,36.53,nan,nan
158859.00,0.00,0.00,0.00,0.00,0.00,0.00,36.53,nan,nan
158869.00,0.00,0.00,0.00,0.00,0.00,0.00,36.53,nan,nan
158879.00,0.00,0.00,0.00,0.00,0.00,0.00,36.53,nan,nan
158889.00,0.00,0.00,0.00,0.00,0.00,0.00,36.53,nan,nan
158899.00,0.00,0.00,0.00,0.00,0.00,0.00,36.53,nan,nan
158909.00,0.00,0.00,0.00,0.00,0.00,0.00,36.53,nan,nan
158919.00,0.00,0.00,0.00,0.00,0.00,0.00,36.53,nan,nan
158929.00,0.00,0.00,0.00,0.00,0.00,0.00,36.53,nan,nan
158939.00,0.00,0.00,0.00,0.00,0.00,0.00,36.53,nan,nan
158949.00,0.00,0.00,0.00,0.00,0.00,0.00,36.53,nan,nan
158959.00,0.00,0.00,0.00,0.00,0.00,0.00,36.53,nan,nan
158969.00,0.00,0.00,0.00,0.00,0.00,0.00,36.53,nan,nan
158979.00,0.00,0.00,0.00,0.00,0.00,0.00,36.53,nan,nan
158989.00,0.00,0.00,0.00,0.00,0.00,0.00,36.53,nan,nan
158999.00,0.00,0.00,0.00,0.00,0.00,0.00,36.53,nan,nan
159009.00,0.00,0.00,0.00,0.00,0.00,0.00,36.53,nan,nan
159019.00,0.00,0.00,0.00,0.00,0.00,0.00,36.53,nan,nan
159029.00,0.00,0.00,0.00,0.00,0.00,0.00,36.53,nan,nan
159039.00,0.00,0.00,0.00,0.00,0.00,0.00,36.53,nan,nan
159049.00,0.00,0.00,0.00,0.00,0.00,0.00,36.53,nan,nan
159059.00,0.00,0.00,0.00,0.00,0.00,0.00,36.53,nan,nan
159069.00,0.00,0.00,0.00,0.00,0.00,0.00,36.53,nan,nan
159079.00,0.00,0.00,0.00,0.00,0.00,0.00,36.53,nan,nan
159089.00,0.00,0.00,0.00,0.00,0.00,0.00,36.53,nan,nan
159099.00,0.00,0.00,0.00,0.00,0.00,0.00,36.53,nan,nan
159109.00,0.00,0.00,0.00,0.00,0.00,0.00,36.53,nan,nan
159119.00,0.00,0.00,0.00,0.00,0.00,0.00,36.53,nan,nan
159129.00,0.00,0.00,0.00,0.00,0.00,0.00,36.53,nan,nan
159139.00,0.00,0.00,0.00,0.00,0.00,0.00,36.53,nan,nan
159149.00,0.00,0.00,0.00,0.00,0.00,0.00,36.53,nan,nan
159159.00,0.00,0.00,0.00,0.00,0.00,0.00,36.53,nan,nan
159169.00,0.00,0.00,0.00,0.00,0.00,0.00,36.53,nan,nan
159179.00,0.00,0.00,0.00,0.00,0.00,0.00,36.53,nan,nan
159189.00,0.00,0.00,0.00,0.00,0.00,0.00,36.53,nan,nan
159199.00,0.00,0.00,0.00,0.00,0.00,0.00,36.53,nan,nan
159209.00,0.00,0.00,0.00,0.00,0.00,0.00,36.53,nan,nan
159219.00,0.00,0.00,0.00,0.00,0.00,0.00,36.53,nan,nan
159229.00,0.00,0.00,0.00,0.00,0.00,0.00,36.53,nan,nan
159239.00,0.00,0.00,0.00,0.00,0.00,0.00,36.53,nan,nan
159249.00,0.00,0.00,0.00,0.00,0.00,0.00,36.53,nan,nan
159259.00,0.00,0.00,0.00,0.00,0.00,0.00,36.53,nan,nan
159269.00,0.00,0.00,0.00,0.00,0.00,0.00,36.53,nan,nan
159279.00,0.00,0.00,0.00,0.00,0.00,0.00,36.53,nan,nan
159289.00,0.00,0.00,0.00,0.00,0.00,0.00,36.53,nan,nan
159299.00,0.00,0.00,0.00,0.00,0.00,0.00,36.53,nan,nan
159309.00,0.00,0.00,0.00,0.00,0.00,0.00,36.53,nan,nan
159319.00,0.00,0.00,0.00,0.00,0.00,0.00,36.53,nan,nan
159329.00,0.00,0.00,0.00,0.00,0.00,0.00,36.53,nan,nan
159339.00,0.00,0.00,0.00,0.00,0.00,0.00,36.53,nan,nan
159349.00,0.00,0.00,0.00,0.00,0.00,0.00,36.53,nan,nan
159359.00,0.00,0.00,0.00,0.00,0.00,0.00,36.53,nan,nan
159369.00,0.00,0.00,0.00,0.00,0.00,0.00,36.53,nan,nan
159379.00,0.00,0.00,0.00,0.00,0.00,0.00,36.53,nan,nan
159389.00,0.00,0.00,0.00,0.00,0.00,0.00,36.53,nan,nan
159399.00,0.00,0.00,0.00,0.00,0.00,0.00,36.53,nan,nan
159409.00,0.00,0.00,0.00,0.00,0.00,0.00,36.53,nan,nan
159419.00,0.00,0.00,0.00,0.00,0.00,0.00,36.53,nan,nan
159429.00,0.00,0.00,0.00,0.00,0.00,0.00,36.53,nan,nan
159439.00,0.00,0.00,0.00,0.00,0.00,0.00,36.53,nan,nan
159449.00,0.00,0.00,0.00,0.00,0.00,0.00,36.53,nan,nan
159459.00,0.00,0.00,0.00,0.00,0.00,0.00,36.53,nan,nan
159469.00,0.00,0.00,0.00,0.00,0.00,0.00,36.53,nan,nan
159479.00,0.00,0.00,0.00,0.00,0.00,0.00,36.53,nan,nan
159489.00,0.00,0.00,0.00,0.00,0.00,0.00,36.53,nan,nan
159499.00,0.00,0.00,0.00,0.00,0.00,0.00,36.53,nan,nan
159509.00,0.00,0.00,0.00,0.00,0.00,0.00,36.53,nan,nan
159519.00,0.00,0.00,0.00,0.00,0.00,0.00,36.53,nan,nan
159529.00,0.00,0.00,0.00,0.00,0.00,0.00,36.53,nan,nan
159539.00,0.00,0.00,0.00,0.00,0.00,0.00,36.53,nan,nan
159549.00,0.00,0.00,0.00,0.00,0.00,0.00,36.53,nan,nan
159559.00,0.00,0.00,0.00,0.00,0.00,0.00,36.53,nan,nan
159569.00,0.00,0.00,0.00,0.00,0.00,0.00,36.53,nan,nan
159579.00,0.00,0.00,0.00,0.00,0.00,0.00,36.53,nan,nan
159589.00,0.00,0.00,0.00,0.00,0.00,0.00,36.53,nan,nan
159599.00,0.00,0.00,0.00,0.00,0.00,0.00,36.53,nan,nan
159609.00,0.00,0.00,0.00,0.00,0.00,0.00,36.53,nan,nan
159619.00,0.00,0.00,0.00,0.00,0.00,0.00,36.53,nan,nan
159629.00,0.00,0.00,0.00,0.00,0.00,0.00,36.53,nan,nan
159639.00,0.00,0.00,0.00,0.00,0.00,0.00,36.53,nan,nan
159649.00,0.00,0.00,0.00,0.00,0.00,0.00,36.53,nan,nan
159659.00,0.00,0.00,0.00,0.00,0.00,0.00,36.53,nan,nan
159669.00,0.00,0.00,0.00,0.00,0.00,0.00,36.53,nan,nan
159679.00,0.00,0.00,0.00,0.00,0.00,0.00,36.53,nan,nan
159689.00,0.00,0.00,0.00,0.00,0.00,0.00,36.53,nan,nan
159699.00,0.00,0.00,0.00,0.00,0.00,0.00,36.53,nan,nan
159709.00,0.00,0.00,0.00,0.00,0.00,0.00,36.53,nan,nan
159719.00,0.00,0.00,0.00,0.00,0.00,0.00,36.53,nan,nan
159729.00,0.00,0.00,0.00,0.00,0.00,0.00,36.53,nan,nan
159739.00,0.00,0.00,0.00,0.00,0.00,0.00,36.53,nan,nan
159749.00,0.00,0.00,0.00,0.00,0.00,0.00,36.53,nan,nan
159759.00,0.00,0.00,0.00,0.00,0.00,0.00,36.53,nan,nan
159769.00,0.00,0.00,0.00,0.00,0.00,0.00,36.53,nan,nan
159779.00,0.00,0.00,0.00,0.00,0.00,0.00,36.53,nan,nan
159789.00,0.00,0.00,0.00,0.00,0.00,0.00,36.53,nan,nan
159799.00,0.00,0.00,0.00,0.00,0.00,0.00,36.53,nan,nan
159809.00,0.00,0.00,0.00,0.00,0.00,0.00,36.53,nan,nan
159819.00,0.00,0.00,0.00,0.00,0.00,0.00,36.53,nan,nan
159829.00,0.00,0.00,0.00,0.00,0.00,0.00,36.53,nan,nan
159839.00,0.00,0.00,0.00,0.00,0.00,0.00,36.53,nan,nan
159849.00,0.00,0.00,0.00,0.00,0.00,0.00,36.53,nan,nan
159859.00,0.00,0.00,0.00,0.00,0.00,0.00,36.53,nan,nan
159869.00,0.00,0.00,0.00,0.00,0.00,0.00,36.53,nan,nan
159879.00,0.00,0.00,0.00,0.00,0.00,0.00,36.53,nan,nan
159889.00,0.00,0.00,0.00,0.00,0.00,0.00,36.53,nan,nan
159899.00,0.00,0.00,0.00,0.00,0.00,0.00,36.53,nan,nan
159909.00,0.00,0.00,0.00,0.00,0.00,0.00,36.53,nan,nan
159919.00,0.00,0.00,0.00,0.00,0.00,0.00,36.53,nan,nan
159929.00,0.00,0.00,0.00,0.00,0.00,0.00,36.53,nan,nan
159939.00,0.00,0.00,0.00,0.00,0.00,0.00,36.53,nan,nan
159949.00,0.00,0.00,0.00,0.00,0.00,0.00,36.53,nan,nan
159959.00,0.00,0.00,0.00,0.00,0.00,0.00,36.53,nan,nan
159969.00,0.00,0.00,0.00,0.00,0.00,0.00,36.53,nan,nan
159979.00,0.00,0.00,0.00,0.00,0.00,0.00,36.53,nan,nan
159989.00,0.00,0.00,0.00,0.00,0.00,0.00,36.53,nan,nan
159999.00,0.00,0.00,0.00,0.00,0.00,0.00,36.53,nan,nan
160009.00,0.00,0.00,0.00,0.00,0.00,0.00,36.53,nan,nan
160019.00,0.00,0.00,0.00,0.00,0.00,0.00,36.53,nan,nan
160029.00,0.00,0.00,0.00,0.00,0.00,0.00,36.53,nan,nan
160039.00,0.00,0.00,0.00,0.00,0.00,0.00,36.53,nan,nan
160049.00,0.00,0.00,0.00,0.00,0.00,0.00,36.53,nan,nan
160059.00,0.00,0.00,0.00,0.00,0.00,0.00,36.53,nan,nan
160069.00,0.00,0.00,0.00,0.00,0.00,0.00,36.53,nan,nan
160079.00,0.00,0.00,0.00,0.00,0.00,0.00,36.53,nan,nan
160089.00,0.00,0.00,0.00,0.00,0.00,0.00,36.53,nan,nan
160099.00,0.00,0.00,0.00,0.00,0.00,0.00,36.53,nan,nan
160109.00,0.00,0.00,0.00,0.00,0.00,0.00,36.53,nan,nan
160119.00,0.00,0.00,0.00,0.00,0.00,0.00,36.53,nan,nan
160129.00,0.00,0.00,0.00,0.00,0.00,0.00,36.53,nan,nan
160139.00,0.00,0.00,0.00,0.00,0.00,0.00,36.53,nan,nan
160149.00,0.00,0.00,0.00,0.00,0.00,0.00,36.53,nan,nan
160159.00,0.00,0.00,0.00,0.00,0.00,0.00,36.53,nan,nan
160169.00,0.00,0.00,0.00,0.00,0.00,0.00,36.53,nan,nan
160179.00,0.00,0.00,0.00,0.00,0.00,0.00,36.53,nan,nan
160189.00,0.00,0.00,0.00,0.00,0.00,0.00,36.53,nan,nan
160199.00,0.00,0.00,0.00,0.00,0.00,0.00,36.53,nan,nan
160209.00,0.00,0.00,0.00,0.00,0.00,0.00,36.53,nan,nan
160219.00,0.00,0.00,0.00,0.00,0.00,0.00,36.53,nan,nan
160229.00,0.00,0.00,0.00,0.00,0.00,0.00,36.53,nan,nan
160239.00,0.00,0.00,0.00,0.00,0.00,0.00,36.53,nan,nan
160249.00,0.00,0.00,0.00,0.00,0.00,0.00,36.53,nan,nan
160259.00,0.00,0.00,0.00,0.00,0.00,0.00,36.53,nan,nan
160269.00,0.00,0.00,0.00,0.00,0.00,0.00,36.53,nan,nan
160279.00,0.00,0.00,0.00,0.00,0.00,0.00,36.53,nan,nan
160289.00,0.00,0.00,0.00,0.00,0.00,0.00,36.53,nan,nan
160299.00,0.00,0.00,0.00,0.00,0.00,0.00,36.53,nan,nan
160309.00,0.00,0.00,0.00,0.00,0.00,0.00,36.53,nan,nan
160319.00,0.00,0.00,0.00,0.00,0.00,0.00,36.53,nan,nan
