time,accX,accY,accZ,rotX,rotY,rotZ,temp1,temp2,press,velX,velY,velZ,posX,posY,posZ,rposX,rposY,rposZ
0.0,0.0,0.0,0.0,0.0,0.0,0.0,37.28,,,0.0,0.0,0.0,0.0,0.0,0.0,0.0,0.0,0.0
11.0,0.0,-0.15,0.0,0.0,-1.09,-0.2,36.53,,,0.0,-0.0,0.0,0.0,0.0,0.0,0.0,-0.01,-0.0
21.0,0.0,-0.15,0.0,0.0,-1.09,-0.2,36.53,,,0.0,-0.0,0.0,0.0,0.0,0.0,0.0,-0.02,-0.0
31.0,0.0,-0.15,0.0,0.0,-1.09,-0.2,36.53,,,0.0,-0.0,0.0,0.0,0.0,0.0,0.0,-0.04,-0.0
41.0,0.0,-0.15,0.0,0.0,-1.09,-0.2,36.53,,,0.0,-0.0,0.0,0.0,0.0,0.0,0.0,-0.08,-0.0
51.0,0.0,-0.15,0.0,0.0,-1.09,-0.2,36.53,,,0.0,-0.0,0.0,0.0,0.0,0.0,0.0,-0.16,-0.0
61.0,0.0,-0.15,0.0,0.0,-1.09,-0.2,36.53,,,0.0,-0.0,0.0,0.0,0.0,0.0,0.0,-0.32,-0.0
71.0,0.0,-0.15,0.0,0.0,-1.09,-0.2,36.53,,,0.0,-0.0,0.0,0.0,0.0,0.0,0.0,-0.64,-0.0
81.0,0.0,-0.15,0.0,0.0,-1.09,-0.2,36.53,,,0.0,-0.0,0.0,0.0,0.0,0.0,0.0,-1.28,-0.0
91.0,0.0,-0.15,0.0,0.0,-1.09,-0.2,36.53,,,0.0,-0.0,0.0,0.0,0.0,0.0,0.0,-2.56,-0.0
101.0,0.0,-0.15,0.0,0.0,-1.09,-0.2,36.53,,,0.0,-0.0,0.0,0.0,0.0,0.0,0.0,-5.12,-0.0
111.0,0.0,-0.15,0.0,0.0,-1.09,-0.2,36.53,,,0.0,-0.0,0.0,0.0,0.0,0.0,0.0,-10.24,-0.0
121.0,0.0,-0.15,0.0,0.0,-1.09,-0.2,36.53,,,0.0,-0.0,0.0,0.0,0.0,0.0,0.0,-20.48,-0.0
131.0,0.0,-0.15,0.0,0.0,-1.09,-0.2,36.53,,,0.0,-0.0,0.0,0.0,0.0,0.0,0.0,-40.96,-0.0
141.0,0.0,-0.15,0.0,0.0,-1.09,-0.2,36.53,,,0.0,-0.0,0.0,0.0,0.0,0.0,0.0,-81.92,-0.0
151.0,0.0,-0.15,0.0,0.0,-1.09,-0.2,36.53,,,0.0,-0.0,0.0,0.0,0.0,0.0,0.0,-163.84,-0.0
161.0,0.0,-0.15,0.0,0.0,-1.09,-0.2,36.53,,,0.0,-0.0,0.0,0.0,0.0,0.0,0.0,-327.68,-0.0
171.0,0.0,-0.15,0.0,0.0,-1.09,-0.2,36.53,,,0.0,-0.0,0.0,0.0,0.0,0.0,0.0,-655.36,-0.0
181.0,0.0,-0.15,0.0,0.0,-1.09,-0.2,36.53,,,0.0,-0.0,0.0,0.0,0.0,0.0,0.0,-1310.72,-0.0
191.0,0.0,-0.15,0.0,0.0,-1.09,-0.2,36.53,,,0.0,-0.0,0.0,0.0,0.0,0.0,0.0,-2621.44,-0.0
201.0,0.0,-0.15,0.0,0.0,-1.09,-0.2,36.53,,,0.0,-0.0,0.0,0.0,0.0,0.0,0.0,-5242.88,-0.0
211.0,0.0,-0.15,0.0,0.0,-1.09,-0.2,36.53,,,0.0,-0.0,0.0,0.0,0.0,0.0,0.0,-10485.76,-0.0
221.0,0.0,-0.15,0.0,0.0,-1.09,-0.2,36.53,,,0.0,-0.0,0.0,0.0,0.0,0.0,0.0,-20971.52,-0.0
231.0,0.0,-0.15,0.0,0.0,-1.09,-0.2,36.53,,,0.0,-0.0,0.0,0.0,0.0,0.0,0.0,-41943.04,-0.0
241.0,0.0,-0.15,0.0,0.0,-1.09,-0.2,36.53,,,0.0,-0.0,0.0,0.0,0.0,0.0,0.0,-83886.08,-0.0
251.0,0.0,-0.15,0.0,0.0,-1.09,-0.2,36.53,,,0.0,-0.0,0.0,0.0,0.0,0.0,0.0,-167772.16,-0.0
261.0,0.0,-0.15,0.0,0.0,-1.09,-0.2,36.53,,,0.0,-0.0,0.0,0.0,0.0,0.0,0.0,-335544.32,-0.0
271.0,0.0,-0.15,0.0,0.0,-1.09,-0.2,36.53,,,0.0,-0.0,0.0,0.0,0.0,0.0,0.0,-671088.64,-0.0
281.0,0.0,-0.15,0.0,0.0,-1.09,-0.2,36.53,,,0.0,-0.0,0.0,0.0,0.0,0.0,0.0,-1342177.28,-0.0
291.0,0.0,-0.15,0.0,0.0,-1.09,-0.2,36.53,,,0.0,-0.0,0.0,0.0,0.0,0.0,0.0,-2684354.56,-0.0
301.0,0.0,-0.15,0.0,0.0,-1.09,-0.2,36.53,,,0.0,-0.0,0.0,0.0,0.0,0.0,0.0,-5368709.12,-0.0
311.0,0.0,-0.15,0.0,0.0,-1.09,-0.2,36.53,,,0.0,-0.0,0.0,0.0,0.0,0.0,0.0,-10737418.24,-0.0
321.0,0.0,-0.15,0.0,0.0,-1.09,-0.2,36.53,,,0.0,-0.0,0.0,0.0,0.0,0.0,0.0,-21474836.48,-0.0
331.0,0.0,-0.15,0.0,0.0,-1.09,-0.2,36.53,,,0.0,-0.0,0.0,0.0,0.0,0.0,0.0,-42949672.96,-0.0
341.0,0.0,-0.15,0.0,0.0,-1.09,-0.2,36.53,,,0.0,-0.0,0.0,0.0,0.0,0.0,0.0,-85899345.92,-0.0
351.0,0.0,-0.15,0.0,0.0,-1.09,-0.2,36.53,,,0.0,-0.0,0.0,0.0,0.0,0.0,0.0,-171798691.84,-0.0
361.0,0.0,-0.15,0.0,0.0,-1.09,-0.2,36.53,,,0.0,-0.0,0.0,0.0,0.0,0.0,0.0,-343597383.68,-0.0
371.0,0.0,-0.15,0.0,0.0,-1.09,-0.2,36.53,,,0.0,-0.0,0.0,0.0,0.0,0.0,0.0,-687194767.36,-0.0
381.0,0.0,-0.15,0.0,0.0,-1.09,-0.2,36.53,,,0.0,-0.0,0.0,0.0,0.0,0.0,0.0,-1374389534.72,-0.0
391.0,0.0,-0.15,0.0,0.0,-1.09,-0.2,36.53,,,0.0,-0.0,0.0,0.0,0.0,0.0,0.0,-2748779069.44,-0.0
401.0,0.0,-0.15,0.0,0.0,-1.09,-0.2,36.53,,,0.0,-0.0,0.0,0.0,0.0,0.0,0.0,-5497558138.88,-0.0
411.0,0.0,-0.15,0.0,0.0,-1.09,-0.2,36.53,,,0.0,-0.0,0.0,0.0,0.0,0.0,0.0,-10995116277.76,-0.0
421.0,0.0,-0.15,0.0,0.0,-1.09,-0.2,36.53,,,0.0,-0.0,0.0,0.0,0.0,0.0,0.0,-21990232555.52,-0.0
431.0,0.0,-0.15,0.0,0.0,-1.09,-0.2,36.53,,,0.0,-0.0,0.0,0.0,0.0,0.0,0.0,-43980465111.04,-0.0
441.0,0.0,-0.15,0.0,0.0,-1.09,-0.2,36.53,,,0.0,-0.0,0.0,0.0,0.0,0.0,0.0,-87960930222.08,-0.0
451.0,0.0,-0.15,0.0,0.0,-1.09,-0.2,36.53,,,0.0,-0.0,0.0,0.0,0.0,0.0,0.0,-175921860444.16,-0.0
461.0,0.0,-0.15,0.0,0.0,-1.09,-0.2,36.53,,,0.0,-0.0,0.0,0.0,0.0,0.0,0.0,-351843720888.32,-0.0
471.0,0.0,-0.15,0.0,0.0,-1.09,-0.2,36.53,,,0.0,-0.0,0.0,0.0,0.0,0.0,0.0,-703687441776.64,-0.0
481.0,0.0,-0.15,0.0,0.0,-1.09,-0.2,36.53,,,0.0,-0.0,0.0,0.0,0.0,0.0,0.0,-1407374883553.28,-0.0
491.0,0.0,-0.15,0.0,0.0,-1.09,-0.2,36.53,,,0.0,-0.0,0.0,0.0,0.0,0.0,0.0,-2814749767106.56,-0.0
501.0,0.0,-0.15,0.0,0.0,-1.09,-0.2,36.53,,,0.0,-0.0,0.0,0.0,0.0,0.0,0.0,-5629499534213.12,-0.0
511.0,0.0,-0.15,0.0,0.0,-1.09,-0.2,36.53,,,0.0,-0.0,0.0,0.0,0.0,0.0,0.0,-11258999068426.24,-0.0
521.0,0.0,-0.15,0.0,0.0,-1.09,-0.2,36.53,,,0.0,-0.0,0.0,0.0,0.0,0.0,0.0,-22517998136852.48,-0.0
531.0,0.0,-0.15,0.0,0.0,-1.09,-0.2,36.53,,,0.0,-0.0,0.0,0.0,0.0,0.0,0.0,-45035996273704.96,-0.0
541.0,0.0,-0.15,0.0,0.0,-1.09,-0.2,36.53,,,0.0,-0.0,0.0,0.0,0.0,0.0,0.0,-90071992547409.92,-0.0
551.0,0.0,-0.15,0.0,0.0,-1.09,-0.2,36.53,,,0.0,-0.0,0.0,0.0,0.0,0.0,0.0,-180143985094819.8,-0.0
561.0,0.0,-0.15,0.0,0.0,-1.09,-0.2,36.53,,,0.0,-0.0,0.0,0.0,0.0,0.0,0.0,-360287970189639.6,-0.0
571.0,0.0,-0.15,0.0,0.0,-1.09,-0.2,36.53,,,0.0,-0.0,0.0,0.0,0.0,0.0,0.0,-720575940379279.2,-0.0
581.0,0.0,-0.15,0.0,0.0,-1.09,-0.2,36.53,,,0.0,-0.0,0.0,0.0,0.0,0.0,0.0,-1441151880758558.5,-0.0
591.0,0.0,-0.15,0.0,0.0,-1.09,-0.2,36.53,,,0.0,-0.0,0.0,0.0,0.0,0.0,0.0,-2882303761517117.0,-0.0
601.0,0.0,-0.15,0.0,0.0,-1.09,-0.2,36.53,,,0.0,-0.0,0.0,0.0,0.0,0.0,0.0,-5764607523034234.0,-0.0
611.0,0.0,-0.15,0.0,0.0,-1.09,-0.2,36.53,,,0.0,-0.0,0.0,0.0,0.0,0.0,0.0,-1.1529215046068468e+16,-0.0
621.0,0.0,-0.15,0.0,0.0,-1.09,-0.2,36.53,,,0.0,-0.0,0.0,0.0,0.0,0.0,0.0,-2.3058430092136936e+16,-0.0
631.0,0.0,-0.15,0.0,0.0,-1.09,-0.2,36.53,,,0.0,-0.0,0.0,0.0,0.0,0.0,0.0,-4.611686018427387e+16,-0.0
641.0,0.0,-0.15,0.0,0.0,-1.09,-0.2,36.53,,,0.0,-0.0,0.0,0.0,0.0,0.0,0.0,-9.223372036854774e+16,-0.0
651.0,0.0,-0.15,0.0,0.0,-1.09,-0.2,36.53,,,0.0,-0.0,0.0,0.0,0.0,0.0,0.0,-1.844674407370955e+17,-0.0
661.0,0.0,-0.15,0.0,0.0,-1.09,-0.2,36.53,,,0.0,-0.0,0.0,0.0,0.0,0.0,0.0,-3.68934881474191e+17,-0.0
671.0,0.0,-0.15,0.0,0.0,-1.09,-0.2,36.53,,,0.0,-0.0,0.0,0.0,0.0,0.0,0.0,-7.37869762948382e+17,-0.0
681.0,0.0,-0.15,0.0,0.0,-1.09,-0.2,36.53,,,0.0,-0.0,0.0,0.0,0.0,0.0,0.0,-1.475739525896764e+18,-0.0
691.0,0.0,-0.15,0.0,0.0,-1.09,-0.2,36.53,,,0.0,-0.0,0.0,0.0,0.0,0.0,0.0,-2.951479051793528e+18,-0.0
701.0,0.0,-0.15,0.0,0.0,-1.09,-0.2,36.53,,,0.0,-0.0,0.0,0.0,0.0,0.0,0.0,-5.902958103587056e+18,-0.0
711.0,0.0,-0.15,0.0,0.0,-1.09,-0.2,36.53,,,0.0,-0.0,0.0,0.0,0.0,0.0,0.0,-1.1805916207174111e+19,-0.0
721.0,0.0,-0.15,0.0,0.0,-1.09,-0.2,36.53,,,0.0,-0.0,0.0,0.0,0.0,0.0,0.0,-2.3611832414348222e+19,-0.0
731.0,0.0,-0.15,0.0,0.0,-1.09,-0.2,36.53,,,0.0,-0.0,0.0,0.0,0.0,0.0,0.0,-4.7223664828696445e+19,-0.0
741.0,0.0,-0.15,0.0,0.0,-1.09,-0.2,36.53,,,0.0,-0.0,0.0,0.0,0.0,0.0,0.0,-9.444732965739289e+19,-0.0
751.0,0.0,-0.15,0.0,0.0,-1.09,-0.2,36.53,,,0.0,-0.0,0.0,0.0,0.0,0.0,0.0,-1.8889465931478578e+20,-0.0
761.0,0.0,-0.15,0.0,0.0,-1.09,-0.2,36.53,,,0.0,-0.0,0.0,0.0,0.0,0.0,0.0,-3.7778931862957156e+20,-0.0
771.0,0.0,-0.15,0.0,0.0,-1.09,-0.2,36.53,,,0.0,-0.0,0.0,0.0,0.0,0.0,0.0,-7.555786372591431e+20,-0.0
781.0,0.0,-0.15,0.0,0.0,-1.09,-0.2,36.53,,,0.0,-0.0,0.0,0.0,0.0,0.0,0.0,-1.5111572745182862e+21,-0.0
791.0,0.0,-0.15,0.0,0.0,-1.09,-0.2,36.53,,,0.0,-0.0,0.0,0.0,0.0,0.0,0.0,-3.0223145490365725e+21,-0.0
801.0,0.0,-0.15,0.0,0.0,-1.09,-0.2,36.53,,,0.0,-0.0,0.0,0.0,0.0,0.0,0.0,-6.044629098073145e+21,-0.0
811.0,0.0,-0.15,0.0,0.0,-1.09,-0.2,36.53,,,0.0,-0.0,0.0,0.0,0.0,0.0,0.0,-1.208925819614629e+22,-0.0
821.0,0.0,-0.15,0.0,0.0,-1.09,-0.2,36.53,,,0.0,-0.0,0.0,0.0,0.0,0.0,0.0,-2.417851639229258e+22,-0.0
831.0,0.0,-0.15,0.0,0.0,-1.09,-0.2,36.53,,,0.0,-0.0,0.0,0.0,0.0,0.0,0.0,-4.835703278458516e+22,-0.0
841.0,0.0,-0.15,0.0,0.0,-1.09,-0.2,36.53,,,0.0,-0.0,0.0,0.0,0.0,0.0,0.0,-9.671406556917032e+22,-0.0
851.0,0.0,-0.15,0.0,0.0,-1.09,-0.2,36.53,,,0.0,-0.0,0.0,0.0,0.0,0.0,0.0,-1.9342813113834064e+23,-0.0
861.0,0.0,-0.15,0.0,0.0,-1.09,-0.2,36.53,,,0.0,-0.0,0.0,0.0,0.0,0.0,0.0,-3.868562622766813e+23,-0.0
871.0,0.0,-0.15,0.0,0.0,-1.09,-0.2,36.53,,,0.0,-0.0,0.0,0.0,0.0,0.0,0.0,-7.737125245533626e+23,-0.0
881.0,0.0,-0.15,0.0,0.0,-1.09,-0.2,36.53,,,0.0,-0.0,0.0,0.0,0.0,0.0,0.0,-1.547425049106725e+24,-0.0
891.0,0.0,-0.15,0.0,0.0,-1.09,-0.2,36.53,,,0.0,-0.0,0.0,0.0,0.0,0.0,0.0,-3.09485009821345e+24,-0.0
901.0,0.0,-0.15,0.0,0.0,-1.09,-0.2,36.53,,,0.0,-0.0,0.0,0.0,0.0,0.0,0.0,-6.1897001964269e+24,-0.0
911.0,0.0,-0.15,0.0,0.0,-1.09,-0.2,36.53,,,0.0,-0.0,0.0,0.0,0.0,0.0,0.0,-1.23794003928538e+25,-0.0
921.0,0.0,-0.15,0.0,0.0,-1.09,-0.2,36.53,,,0.0,-0.0,0.0,0.0,0.0,0.0,0.0,-2.47588007857076e+25,-0.0
931.0,0.0,-0.15,0.0,0.0,-1.09,-0.2,36.53,,,0.0,-0.0,0.0,0.0,0.0,0.0,0.0,-4.95176015714152e+25,-0.0
941.0,0.0,-0.15,0.0,0.0,-1.09,-0.2,36.53,,,0.0,-0.0,0.0,0.0,0.0,0.0,0.0,-9.90352031428304e+25,-0.0
951.0,0.0,-0.15,0.0,0.0,-1.09,-0.2,36.53,,,0.0,-0.0,0.0,0.0,0.0,0.0,0.0,-1.980704062856608e+26,-0.0
961.0,0.0,-0.15,0.0,0.0,-1.09,-0.2,36.53,,,0.0,-0.0,0.0,0.0,0.0,0.0,0.0,-3.961408125713216e+26,-0.0
971.0,0.0,-0.15,0.0,0.0,-1.09,-0.2,36.53,,,0.0,-0.0,0.0,0.0,0.0,0.0,0.0,-7.922816251426433e+26,-0.0
981.0,0.0,-0.15,0.0,0.0,-1.09,-0.2,36.53,,,0.0,-0.0,0.0,0.0,0.0,0.0,0.0,-1.5845632502852865e+27,-0.0
991.0,0.0,-0.15,0.0,0.0,-1.09,-0.2,36.53,,,0.0,-0.0,0.0,0.0,0.0,0.0,0.0,-3.169126500570573e+27,-0.0
1001.0,0.0,-0.15,0.0,0.0,-1.09,-0.2,36.53,,,0.0,-0.0,0.0,0.0,0.0,0.0,0.0,-6.338253001141146e+27,-0.0
1011.0,0.0,-0.15,0.0,0.0,-1.09,-0.2,36.53,,,0.0,-0.0,0.0,0.0,0.0,0.0,0.0,-1.2676506002282292e+28,-0.0
1021.0,0.0,-0.15,0.0,0.0,-1.09,-0.2,36.53,,,0.0,-0.0,0.0,0.0,0.0,0.0,0.0,-2.5353012004564584e+28,-0.0
1031.0,0.0,-0.15,0.0,0.0,-1.09,-0.2,36.53,,,0.0,-0.0,0.0,0.0,0.0,0.0,0.0,-5.070602400912917e+28,-0.0
1041.0,0.0,-0.15,0.0,0.0,-1.09,-0.2,36.53,,,0.0,-0.0,0.0,0.0,0.0,0.0,0.0,-1.0141204801825834e+29,-0.0
1051.0,0.0,-0.15,0.0,0.0,-1.09,-0.2,36.53,,,0.0,-0.0,0.0,0.0,0.0,0.0,0.0,-2.0282409603651667e+29,-0.0
1061.0,0.0,-0.15,0.0,0.0,-1.09,-0.2,36.53,,,0.0,-0.0,0.0,0.0,0.0,0.0,0.0,-4.0564819207303335e+29,-0.0
1071.0,0.0,-0.15,0.0,0.0,-1.09,-0.2,36.53,,,0.0,-0.0,0.0,0.0,0.0,0.0,0.0,-8.112963841460667e+29,-0.0
1081.0,0.0,-0.15,0.0,0.0,-1.09,-0.2,36.53,,,0.0,-0.0,0.0,0.0,0.0,0.0,0.0,-1.6225927682921334e+30,-0.0
1091.0,0.0,-0.15,0.0,0.0,-1.09,-0.2,36.53,,,0.0,-0.0,0.0,0.0,0.0,0.0,0.0,-3.245185536584267e+30,-0.0
1101.0,0.0,-0.15,0.0,0.0,-1.09,-0.2,36.53,,,0.0,-0.0,0.0,0.0,0.0,0.0,0.0,-6.490371073168534e+30,-0.0
1111.0,0.0,-0.15,0.0,0.0,-1.09,-0.2,36.53,,,0.0,-0.0,0.0,0.0,0.0,0.0,0.0,-1.2980742146337067e+31,-0.0
1121.0,0.0,-0.15,0.0,0.0,-1.09,-0.2,36.53,,,0.0,-0.0,0.0,0.0,0.0,0.0,0.0,-2.5961484292674134e+31,-0.0
1131.0,0.0,-0.15,0.0,0.0,-1.09,-0.2,36.53,,,0.0,-0.0,0.0,0.0,0.0,0.0,0.0,-5.192296858534827e+31,-0.0
1141.0,0.0,-0.15,0.0,0.0,-1.09,-0.2,36.53,,,0.0,-0.0,0.0,0.0,0.0,0.0,0.0,-1.0384593717069654e+32,-0.0
1151.0,0.0,-0.15,0.0,0.0,-1.09,-0.2,36.53,,,0.0,-0.0,0.0,0.0,0.0,0.0,0.0,-2.0769187434139307e+32,-0.0
1161.0,0.0,-0.15,0.0,0.0,-1.09,-0.2,36.53,,,0.0,-0.0,0.0,0.0,0.0,0.0,0.0,-4.1538374868278615e+32,-0.0
1171.0,0.0,-0.15,0.0,0.0,-1.09,-0.2,36.53,,,0.0,-0.0,0.0,0.0,0.0,0.0,0.0,-8.307674973655723e+32,-0.0
1181.0,0.0,-0.15,0.0,0.0,-1.09,-0.2,36.53,,,0.0,-0.0,0.0,0.0,0.0,0.0,0.0,-1.6615349947311446e+33,-0.0
1191.0,0.0,-0.15,0.0,0.0,-1.09,-0.2,36.53,,,0.0,-0.0,0.0,0.0,0.0,0.0,0.0,-3.323069989462289e+33,-0.0
1201.0,0.0,-0.15,0.0,0.0,-1.09,-0.2,36.53,,,0.0,-0.0,0.0,0.0,0.0,0.0,0.0,-6.646139978924578e+33,-0.0
1211.0,0.0,-0.15,0.0,0.0,-1.09,-0.2,36.53,,,0.0,-0.0,0.0,0.0,0.0,0.0,0.0,-1.3292279957849157e+34,-0.0
1221.0,0.0,-0.15,0.0,0.0,-1.09,-0.2,36.53,,,0.0,-0.0,0.0,0.0,0.0,0.0,0.0,-2.6584559915698313e+34,-0.0
1231.0,0.0,-0.15,0.0,0.0,-1.09,-0.2,36.53,,,0.0,-0.0,0.0,0.0,0.0,0.0,0.0,-5.316911983139663e+34,-0.0
1241.0,0.0,-0.15,0.0,0.0,-1.09,-0.2,36.53,,,0.0,-0.0,0.0,0.0,0.0,0.0,0.0,-1.0633823966279325e+35,-0.0
1251.0,0.0,-0.15,0.0,0.0,-1.09,-0.2,36.53,,,0.0,-0.0,0.0,0.0,0.0,0.0,0.0,-2.126764793255865e+35,-0.0
1261.0,0.0,-0.15,0.0,0.0,-1.09,-0.2,36.53,,,0.0,-0.0,0.0,0.0,0.0,0.0,0.0,-4.25352958651173e+35,-0.0
1271.0,0.0,-0.15,0.0,0.0,-1.09,-0.2,36.53,,,0.0,-0.0,0.0,0.0,0.0,0.0,0.0,-8.50705917302346e+35,-0.0
1281.0,0.0,-0.15,0.0,0.0,-1.09,-0.2,36.53,,,0.0,-0.0,0.0,0.0,0.0,0.0,0.0,-1.701411834604692e+36,-0.0
1291.0,0.0,-0.15,0.0,0.0,-1.09,-0.2,36.53,,,0.0,-0.0,0.0,0.0,0.0,0.0,0.0,-3.402823669209384e+36,-0.0
1301.0,0.0,-0.15,0.0,0.0,-1.09,-0.2,36.53,,,0.0,-0.0,0.0,0.0,0.0,0.0,0.0,-6.805647338418768e+36,-0.0
1311.0,0.0,-0.15,0.0,0.0,-1.09,-0.2,36.53,,,0.0,-0.0,0.0,0.0,0.0,0.0,0.0,-1.3611294676837536e+37,-0.0
1321.0,0.0,-0.15,0.0,0.0,-1.09,-0.2,36.53,,,0.0,-0.0,0.0,0.0,0.0,0.0,0.0,-2.7222589353675073e+37,-0.0
1331.0,0.0,-0.15,0.0,0.0,-1.09,-0.2,36.53,,,0.0,-0.0,0.0,0.0,0.0,0.0,0.0,-5.444517870735015e+37,-0.0
1341.0,0.0,-0.15,0.0,0.0,-1.09,-0.2,36.53,,,0.0,-0.0,0.0,0.0,0.0,0.0,0.0,-1.088903574147003e+38,-0.0
1351.0,0.0,-0.15,0.0,0.0,-1.09,-0.2,36.53,,,0.0,-0.0,0.0,0.0,0.0,0.0,0.0,-2.177807148294006e+38,-0.0
1361.0,0.0,-0.15,0.0,0.0,-1.09,-0.2,36.53,,,0.0,-0.0,0.0,0.0,0.0,0.0,0.0,-4.355614296588012e+38,-0.0
1371.0,0.0,-0.15,0.0,0.0,-1.09,-0.2,36.53,,,0.0,-0.0,0.0,0.0,0.0,0.0,0.0,-8.711228593176023e+38,-0.0
1381.0,0.0,-0.15,0.0,0.0,-1.09,-0.2,36.53,,,0.0,-0.0,0.0,0.0,0.0,0.0,0.0,-1.7422457186352047e+39,-0.0
1391.0,0.0,-0.15,0.0,0.0,-1.09,-0.2,36.53,,,0.0,-0.0,0.0,0.0,0.0,0.0,0.0,-3.4844914372704093e+39,-0.0
1401.0,0.0,-0.15,0.0,0.0,-1.09,-0.2,36.53,,,0.0,-0.0,0.0,0.0,0.0,0.0,0.0,-6.968982874540819e+39,-0.0
1411.0,0.0,-0.15,0.0,0.0,-1.09,-0.2,36.53,,,0.0,-0.0,0.0,0.0,0.0,0.0,0.0,-1.3937965749081637e+40,-0.0
1421.0,0.0,-0.15,0.0,0.0,-1.09,-0.2,36.53,,,0.0,-0.0,0.0,0.0,0.0,0.0,0.0,-2.7875931498163275e+40,-0.0
1431.0,0.0,-0.15,0.0,0.0,-1.09,-0.2,36.53,,,0.0,-0.0,0.0,0.0,0.0,0.0,0.0,-5.575186299632655e+40,-0.0
1441.0,0.0,-0.15,0.0,0.0,-1.09,-0.2,36.53,,,0.0,-0.0,0.0,0.0,0.0,0.0,0.0,-1.115037259926531e+41,-0.0
1451.0,0.0,-0.15,0.0,0.0,-1.09,-0.2,36.53,,,0.0,-0.0,0.0,0.0,0.0,0.0,0.0,-2.230074519853062e+41,-0.0
1461.0,0.0,-0.15,0.0,0.0,-1.09,-0.2,36.53,,,0.0,-0.0,0.0,0.0,0.0,0.0,0.0,-4.460149039706124e+41,-0.0
1471.0,0.0,-0.15,0.0,0.0,-1.09,-0.2,36.53,,,0.0,-0.0,0.0,0.0,0.0,0.0,0.0,-8.920298079412248e+41,-0.0
1481.0,0.0,-0.15,0.0,0.0,-1.09,-0.2,36.53,,,0.0,-0.0,0.0,0.0,0.0,0.0,0.0,-1.7840596158824496e+42,-0.0
1491.0,0.0,-0.15,0.0,0.0,-1.09,-0.2,36.53,,,0.0,-0.0,0.0,0.0,0.0,0.0,0.0,-3.568119231764899e+42,-0.0
1501.0,0.0,-0.15,0.0,0.0,-1.09,-0.2,36.53,,,0.0,-0.0,0.0,0.0,0.0,0.0,0.0,-7.136238463529798e+42,-0.0
1511.0,0.0,-0.15,0.0,0.0,-1.09,-0.2,36.53,,,0.0,-0.0,0.0,0.0,0.0,0.0,0.0,-1.4272476927059597e+43,-0.0
1521.0,0.0,-0.15,0.0,0.0,-1.09,-0.2,36.53,,,0.0,-0.0,0.0,0.0,0.0,0.0,0.0,-2.8544953854119193e+43,-0.0
1531.0,0.0,-0.15,0.0,0.0,-1.09,-0.2,36.53,,,0.0,-0.0,0.0,0.0,0.0,0.0,0.0,-5.708990770823839e+43,-0.0
1541.0,0.0,-0.15,0.0,0.0,-1.09,-0.2,36.53,,,0.0,-0.0,0.0,0.0,0.0,0.0,0.0,-1.1417981541647677e+44,-0.0
1551.0,0.0,-0.15,0.0,0.0,-1.09,-0.2,36.53,,,0.0,-0.0,0.0,0.0,0.0,0.0,0.0,-2.2835963083295355e+44,-0.0
1561.0,0.0,-0.15,0.0,0.0,-1.09,-0.2,36.53,,,0.0,-0.0,0.0,0.0,0.0,0.0,0.0,-4.567192616659071e+44,-0.0
1571.0,0.0,-0.15,0.0,0.0,-1.09,-0.2,36.53,,,0.0,-0.0,0.0,0.0,0.0,0.0,0.0,-9.134385233318142e+44,-0.0
1581.0,0.0,-0.15,0.0,0.0,-1.09,-0.2,36.53,,,0.0,-0.0,0.0,0.0,0.0,0.0,0.0,-1.8268770466636284e+45,-0.0
1591.0,0.0,-0.15,0.0,0.0,-1.09,-0.2,36.53,,,0.0,-0.0,0.0,0.0,0.0,0.0,0.0,-3.653754093327257e+45,-0.0
1601.0,0.0,-0.15,0.0,0.0,-1.09,-0.2,36.53,,,0.0,-0.0,0.0,0.0,0.0,0.0,0.0,-7.307508186654513e+45,-0.0
1611.0,0.0,-0.15,0.0,0.0,-1.09,-0.2,36.53,,,0.0,-0.0,0.0,0.0,0.0,0.0,0.0,-1.4615016373309027e+46,-0.0
1621.0,0.0,-0.15,0.0,0.0,-1.09,-0.2,36.53,,,0.0,-0.0,0.0,0.0,0.0,0.0,0.0,-2.9230032746618054e+46,-0.0
1631.0,0.0,-0.15,0.0,0.0,-1.09,-0.2,36.53,,,0.0,-0.0,0.0,0.0,0.0,0.0,0.0,-5.846006549323611e+46,-0.0
1641.0,0.0,-0.15,0.0,0.0,-1.09,-0.2,36.53,,,0.0,-0.0,0.0,0.0,0.0,0.0,0.0,-1.1692013098647222e+47,-0.0
1651.0,0.0,-0.15,0.0,0.0,-1.09,-0.2,36.53,,,0.0,-0.0,0.0,0.0,0.0,0.0,0.0,-2.3384026197294443e+47,-0.0
1661.0,0.0,-0.15,0.0,0.0,-1.09,-0.2,36.53,,,0.0,-0.0,0.0,0.0,0.0,0.0,0.0,-4.676805239458889e+47,-0.0
1671.0,0.0,-0.15,0.0,0.0,-1.09,-0.2,36.53,,,0.0,-0.0,0.0,0.0,0.0,0.0,0.0,-9.353610478917777e+47,-0.0
1681.0,0.0,-0.15,0.0,0.0,-1.09,-0.2,36.53,,,0.0,-0.0,0.0,0.0,0.0,0.0,0.0,-1.8707220957835554e+48,-0.0
1691.0,0.0,-0.15,0.0,0.0,-1.09,-0.2,36.53,,,0.0,-0.0,0.0,0.0,0.0,0.0,0.0,-3.741444191567111e+48,-0.0
1701.0,0.0,-0.15,0.0,0.0,-1.09,-0.2,36.53,,,0.0,-0.0,0.0,0.0,0.0,0.0,0.0,-7.482888383134222e+48,-0.0
1711.0,0.0,-0.15,0.0,0.0,-1.09,-0.2,36.53,,,0.0,-0.0,0.0,0.0,0.0,0.0,0.0,-1.4965776766268444e+49,-0.0
1721.0,0.0,-0.15,0.0,0.0,-1.09,-0.2,36.53,,,0.0,-0.0,0.0,0.0,0.0,0.0,0.0,-2.9931553532536887e+49,-0.0
1731.0,0.0,-0.15,0.0,0.0,-1.09,-0.2,36.53,,,0.0,-0.0,0.0,0.0,0.0,0.0,0.0,-5.986310706507377e+49,-0.0
1741.0,0.0,-0.15,0.0,0.0,-1.09,-0.2,36.53,,,0.0,-0.0,0.0,0.0,0.0,0.0,0.0,-1.1972621413014755e+50,-0.0
1751.0,0.0,-0.15,0.0,0.0,-1.09,-0.2,36.53,,,0.0,-0.0,0.0,0.0,0.0,0.0,0.0,-2.394524282602951e+50,-0.0
1761.0,0.0,-0.15,0.0,0.0,-1.09,-0.2,36.53,,,0.0,-0.0,0.0,0.0,0.0,0.0,0.0,-4.789048565205902e+50,-0.0
1771.0,0.0,-0.15,0.0,0.0,-1.09,-0.2,36.53,,,0.0,-0.0,0.0,0.0,0.0,0.0,0.0,-9.578097130411804e+50,-0.0
1781.0,0.0,-0.15,0.0,0.0,-1.09,-0.2,36.53,,,0.0,-0.0,0.0,0.0,0.0,0.0,0.0,-1.9156194260823608e+51,-0.0
1791.0,0.0,-0.15,0.0,0.0,-1.09,-0.2,36.53,,,0.0,-0.0,0.0,0.0,0.0,0.0,0.0,-3.8312388521647216e+51,-0.0
1801.0,0.0,-0.15,0.0,0.0,-1.09,-0.2,36.53,,,0.0,-0.0,0.0,0.0,0.0,0.0,0.0,-7.662477704329443e+51,-0.0
1811.0,0.0,-0.15,0.0,0.0,-1.09,-0.2,36.53,,,0.0,-0.0,0.0,0.0,0.0,0.0,0.0,-1.5324955408658886e+52,-0.0
1821.0,0.0,-0.15,0.0,0.0,-1.09,-0.2,36.53,,,0.0,-0.0,0.0,0.0,0.0,0.0,0.0,-3.064991081731777e+52,-0.0
1831.0,0.0,-0.15,0.0,0.0,-1.09,-0.2,36.53,,,0.0,-0.0,0.0,0.0,0.0,0.0,0.0,-6.129982163463554e+52,-0.0
1841.0,0.0,-0.15,0.0,0.0,-1.09,-0.2,36.53,,,0.0,-0.0,0.0,0.0,0.0,0.0,0.0,-1.225996432692711e+53,-0.0
1851.0,0.0,-0.15,0.0,0.0,-1.09,-0.2,36.53,,,0.0,-0.0,0.0,0.0,0.0,0.0,0.0,-2.451992865385422e+53,-0.0
1861.0,0.0,-0.15,0.0,0.0,-1.09,-0.2,36.53,,,0.0,-0.0,0.0,0.0,0.0,0.0,0.0,-4.903985730770844e+53,-0.0
1871.0,0.0,-0.15,0.0,0.0,-1.09,-0.2,36.53,,,0.0,-0.0,0.0,0.0,0.0,0.0,0.0,-9.807971461541687e+53,-0.0
1881.0,0.0,-0.15,0.0,0.0,-1.09,-0.2,36.53,,,0.0,-0.0,0.0,0.0,0.0,0.0,0.0,-1.9615942923083374e+54,-0.0
1891.0,0.0,-0.15,0.0,0.0,-1.09,-0.2,36.53,,,0.0,-0.0,0.0,0.0,0.0,0.0,0.0,-3.923188584616675e+54,-0.0
1901.0,0.0,-0.15,0.0,0.0,-1.09,-0.2,36.53,,,0.0,-0.0,0.0,0.0,0.0,0.0,0.0,-7.84637716923335e+54,-0.0
1911.0,0.0,-0.15,0.0,0.0,-1.09,-0.2,36.53,,,0.0,-0.0,0.0,0.0,0.0,0.0,0.0,-1.56927543384667e+55,-0.0
1921.0,0.0,-0.15,0.0,0.0,-1.09,-0.2,36.53,,,0.0,-0.0,0.0,0.0,0.0,0.0,0.0,-3.13855086769334e+55,-0.0
1931.0,0.0,-0.15,0.0,0.0,-1.09,-0.2,36.53,,,0.0,-0.0,0.0,0.0,0.0,0.0,0.0,-6.27710173538668e+55,-0.0
1941.0,0.0,-0.15,0.0,0.0,-1.09,-0.2,36.53,,,0.0,-0.0,0.0,0.0,0.0,0.0,0.0,-1.255420347077336e+56,-0.0
1951.0,0.0,-0.15,0.0,0.0,-1.09,-0.2,36.53,,,0.0,-0.0,0.0,0.0,0.0,0.0,0.0,-2.510840694154672e+56,-0.0
1961.0,0.0,-0.15,0.0,0.0,-1.09,-0.2,36.53,,,0.0,-0.0,0.0,0.0,0.0,0.0,0.0,-5.021681388309344e+56,-0.0
1971.0,0.0,-0.15,0.0,0.0,-1.09,-0.2,36.53,,,0.0,-0.0,0.0,0.0,0.0,0.0,0.0,-1.0043362776618688e+57,-0.0
1981.0,0.0,-0.15,0.0,0.0,-1.09,-0.2,36.53,,,0.0,-0.0,0.0,0.0,0.0,0.0,0.0,-2.0086725553237375e+57,-0.0
1991.0,0.0,-0.15,0.0,0.0,-1.09,-0.2,36.53,,,0.0,-0.0,0.0,0.0,0.0,0.0,0.0,-4.017345110647475e+57,-0.0
2001.0,0.0,-0.15,0.0,0.0,-1.09,-0.2,36.53,,,0.0,-0.0,0.0,0.0,0.0,0.0,0.0,-8.03469022129495e+57,-0.0
2011.0,0.0,-0.15,0.0,0.0,-1.09,-0.2,36.53,,,0.0,-0.0,0.0,0.0,0.0,0.0,0.0,-1.60693804425899e+58,-0.0
2021.0,0.0,-0.15,0.0,0.0,-1.09,-0.2,36.53,,,0.0,-0.0,0.0,0.0,0.0,0.0,0.0,-3.21387608851798e+58,-0.0
2031.0,0.0,-0.15,0.0,0.0,-1.09,-0.2,36.53,,,0.0,-0.0,0.0,0.0,0.0,0.0,0.0,-6.42775217703596e+58,-0.0
2041.0,0.0,-0.15,0.0,0.0,-1.09,-0.2,36.53,,,0.0,-0.0,0.0,0.0,0.0,0.0,0.0,-1.285550435407192e+59,-0.0
2051.0,0.0,-0.15,0.0,0.0,-1.09,-0.2,36.53,,,0.0,-0.0,0.0,0.0,0.0,0.0,0.0,-2.571100870814384e+59,-0.0
2061.0,0.0,-0.15,0.0,0.0,-1.09,-0.2,36.53,,,0.0,-0.0,0.0,0.0,0.0,0.0,0.0,-5.142201741628768e+59,-0.0
2071.0,0.0,-0.15,0.0,0.0,-1.09,-0.2,36.53,,,0.0,-0.0,0.0,0.0,0.0,0.0,0.0,-1.0284403483257536e+60,-0.0
2081.0,0.0,-0.15,0.0,0.0,-1.09,-0.2,36.53,,,0.0,-0.0,0.0,0.0,0.0,0.0,0.0,-2.0568806966515072e+60,-0.0
2091.0,0.0,-0.15,0.0,0.0,-1.09,-0.2,36.53,,,0.0,-0.0,0.0,0.0,0.0,0.0,0.0,-4.1137613933030145e+60,-0.0
2101.0,0.0,-0.15,0.0,0.0,-1.09,-0.2,36.53,,,0.0,-0.0,0.0,0.0,0.0,0.0,0.0,-8.227522786606029e+60,-0.0
2111.0,0.0,-0.15,0.0,0.0,-1.09,-0.2,36.53,,,0.0,-0.0,0.0,0.0,0.0,0.0,0.0,-1.6455045573212058e+61,-0.0
2121.0,0.0,-0.15,0.0,0.0,-1.09,-0.2,36.53,,,0.0,-0.0,0.0,0.0,0.0,0.0,0.0,-3.2910091146424116e+61,-0.0
2131.0,0.0,-0.15,0.0,0.0,-1.09,-0.2,36.53,,,0.0,-0.0,0.0,0.0,0.0,0.0,0.0,-6.582018229284823e+61,-0.0
2141.0,0.0,-0.15,0.0,0.0,-1.09,-0.2,36.53,,,0.0,-0.0,0.0,0.0,0.0,0.0,0.0,-1.3164036458569646e+62,-0.0
2151.0,0.0,-0.15,0.0,0.0,-1.09,-0.2,36.53,,,0.0,-0.0,0.0,0.0,0.0,0.0,0.0,-2.6328072917139293e+62,-0.0
2161.0,0.0,-0.15,0.0,0.0,-1.09,-0.2,36.53,,,0.0,-0.0,0.0,0.0,0.0,0.0,0.0,-5.2656145834278585e+62,-0.0
2171.0,0.0,-0.15,0.0,0.0,-1.09,-0.2,36.53,,,0.0,-0.0,0.0,0.0,0.0,0.0,0.0,-1.0531229166855717e+63,-0.0
2181.0,0.0,-0.15,0.0,0.0,-1.09,-0.2,36.53,,,0.0,-0.0,0.0,0.0,0.0,0.0,0.0,-2.1062458333711434e+63,-0.0
2191.0,0.0,-0.15,0.0,0.0,-1.09,-0.2,36.53,,,0.0,-0.0,0.0,0.0,0.0,0.0,0.0,-4.212491666742287e+63,-0.0
2201.0,0.0,-0.15,0.0,0.0,-1.09,-0.2,36.53,,,0.0,-0.0,0.0,0.0,0.0,0.0,0.0,-8.424983333484574e+63,-0.0
2211.0,0.0,-0.15,0.0,0.0,-1.09,-0.2,36.53,,,0.0,-0.0,0.0,0.0,0.0,0.0,0.0,-1.6849966666969147e+64,-0.0
2221.0,0.0,-0.15,0.0,0.0,-1.09,-0.2,36.53,,,0.0,-0.0,0.0,0.0,0.0,0.0,0.0,-3.3699933333938295e+64,-0.0
2231.0,0.0,-0.15,0.0,0.0,-1.09,-0.2,36.53,,,0.0,-0.0,0.0,0.0,0.0,0.0,0.0,-6.739986666787659e+64,-0.0
2241.0,0.0,-0.15,0.0,0.0,-1.09,-0.2,36.53,,,0.0,-0.0,0.0,0.0,0.0,0.0,0.0,-1.3479973333575318e+65,-0.0
2251.0,0.0,-0.15,0.0,0.0,-1.09,-0.2,36.53,,,0.0,-0.0,0.0,0.0,0.0,0.0,0.0,-2.6959946667150636e+65,-0.0
2261.0,0.0,-0.15,0.0,0.0,-1.09,-0.2,36.53,,,0.0,-0.0,0.0,0.0,0.0,0.0,0.0,-5.391989333430127e+65,-0.0
2271.0,0.0,-0.15,0.0,0.0,-1.09,-0.2,36.53,,,0.0,-0.0,0.0,0.0,0.0,0.0,0.0,-1.0783978666860254e+66,-0.0
2281.0,0.0,-0.15,0.0,0.0,-1.09,-0.2,36.53,,,0.0,-0.0,0.0,0.0,0.0,0.0,0.0,-2.156795733372051e+66,-0.0
2291.0,0.0,-0.15,0.0,0.0,-1.09,-0.2,36.53,,,0.0,-0.0,0.0,0.0,0.0,0.0,0.0,-4.313591466744102e+66,-0.0
2301.0,0.0,-0.15,0.0,0.0,-1.09,-0.2,36.53,,,0.0,-0.0,0.0,0.0,0.0,0.0,0.0,-8.627182933488203e+66,-0.0
2311.0,0.0,-0.15,0.0,0.0,-1.09,-0.2,36.53,,,0.0,-0.0,0.0,0.0,0.0,0.0,0.0,-1.7254365866976407e+67,-0.0
2321.0,0.0,-0.15,0.0,0.0,-1.09,-0.2,36.53,,,0.0,-0.0,0.0,0.0,0.0,0.0,0.0,-3.4508731733952814e+67,-0.0
2331.0,0.0,-0.15,0.0,0.0,-1.09,-0.2,36.53,,,0.0,-0.0,0.0,0.0,0.0,0.0,0.0,-6.901746346790563e+67,-0.0
2341.0,0.0,-0.15,0.0,0.0,-1.09,-0.2,36.53,,,0.0,-0.0,0.0,0.0,0.0,0.0,0.0,-1.3803492693581125e+68,-0.0
2351.0,0.0,-0.15,0.0,0.0,-1.09,-0.2,36.53,,,0.0,-0.0,0.0,0.0,0.0,0.0,0.0,-2.760698538716225e+68,-0.0
2361.0,0.0,-0.15,0.0,0.0,-1.09,-0.2,36.53,,,0.0,-0.0,0.0,0.0,0.0,0.0,0.0,-5.52139707743245e+68,-0.0
2371.0,0.0,-0.15,0.0,0.0,-1.09,-0.2,36.53,,,0.0,-0.0,0.0,0.0,0.0,0.0,0.0,-1.10427941548649e+69,-0.0
2381.0,0.0,-0.15,0.0,0.0,-1.09,-0.2,36.53,,,0.0,-0.0,0.0,0.0,0.0,0.0,0.0,-2.20855883097298e+69,-0.0
2391.0,0.0,-0.15,0.0,0.0,-1.09,-0.2,36.53,,,0.0,-0.0,0.0,0.0,0.0,0.0,0.0,-4.41711766194596e+69,-0.0
2401.0,0.0,-0.15,0.0,0.0,-1.09,-0.2,36.53,,,0.0,-0.0,0.0,0.0,0.0,0.0,0.0,-8.83423532389192e+69,-0.0
2411.0,0.0,-0.15,0.0,0.0,-1.09,-0.2,36.53,,,0.0,-0.0,0.0,0.0,0.0,0.0,0.0,-1.766847064778384e+70,-0.0
2421.0,0.0,-0.15,0.0,0.0,-1.09,-0.2,36.53,,,0.0,-0.0,0.0,0.0,0.0,0.0,0.0,-3.533694129556768e+70,-0.0
2431.0,0.0,-0.15,0.0,0.0,-1.09,-0.2,36.53,,,0.0,-0.0,0.0,0.0,0.0,0.0,0.0,-7.067388259113536e+70,-0.0
2441.0,0.0,-0.15,0.0,0.0,-1.09,-0.2,36.53,,,0.0,-0.0,0.0,0.0,0.0,0.0,0.0,-1.4134776518227072e+71,-0.0
2451.0,0.0,-0.15,0.0,0.0,-1.09,-0.2,36.53,,,0.0,-0.0,0.0,0.0,0.0,0.0,0.0,-2.8269553036454145e+71,-0.0
2461.0,0.0,-0.15,0.0,0.0,-1.09,-0.2,36.53,,,0.0,-0.0,0.0,0.0,0.0,0.0,0.0,-5.653910607290829e+71,-0.0
2471.0,0.0,-0.15,0.0,0.0,-1.09,-0.2,36.53,,,0.0,-0.0,0.0,0.0,0.0,0.0,0.0,-1.1307821214581658e+72,-0.0
2481.0,0.0,-0.15,0.0,0.0,-1.09,-0.2,36.53,,,0.0,-0.0,0.0,0.0,0.0,0.0,0.0,-2.2615642429163316e+72,-0.0
2491.0,0.0,-0.15,0.0,0.0,-1.09,-0.2,36.53,,,0.0,-0.0,0.0,0.0,0.0,0.0,0.0,-4.523128485832663e+72,-0.0
2501.0,0.0,-0.15,0.0,0.0,-1.09,-0.2,36.53,,,0.0,-0.0,0.0,0.0,0.0,0.0,0.0,-9.046256971665326e+72,-0.0
2511.0,0.0,-0.15,0.0,0.0,-1.09,-0.2,36.53,,,0.0,-0.0,0.0,0.0,0.0,0.0,0.0,-1.8092513943330653e+73,-0.0
2521.0,0.0,-0.15,0.0,0.0,-1.09,-0.2,36.53,,,0.0,-0.0,0.0,0.0,0.0,0.0,0.0,-3.6185027886661306e+73,-0.0
2531.0,0.0,-0.15,0.0,0.0,-1.09,-0.2,36.53,,,0.0,-0.0,0.0,0.0,0.0,0.0,0.0,-7.237005577332261e+73,-0.0
2541.0,0.0,-0.15,0.0,0.0,-1.09,-0.2,36.53,,,0.0,-0.0,0.0,0.0,0.0,0.0,0.0,-1.4474011154664522e+74,-0.0
2551.0,0.0,-0.15,0.0,0.0,-1.09,-0.2,36.53,,,0.0,-0.0,0.0,0.0,0.0,0.0,0.0,-2.8948022309329044e+74,-0.0
2561.0,0.0,-0.15,0.0,0.0,-1.09,-0.2,36.53,,,0.0,-0.0,0.0,0.0,0.0,0.0,0.0,-5.789604461865809e+74,-0.0
2571.0,0.0,-0.15,0.0,0.0,-1.09,-0.2,36.53,,,0.0,-0.0,0.0,0.0,0.0,0.0,0.0,-1.1579208923731618e+75,-0.0
2581.0,0.0,-0.15,0.0,0.0,-1.09,-0.2,36.53,,,0.0,-0.0,0.0,0.0,0.0,0.0,0.0,-2.3158417847463236e+75,-0.0
2591.0,0.0,-0.15,0.0,0.0,-1.09,-0.2,36.53,,,0.0,-0.0,0.0,0.0,0.0,0.0,0.0,-4.631683569492647e+75,-0.0
2601.0,0.0,-0.15,0.0,0.0,-1.09,-0.2,36.53,,,0.0,-0.0,0.0,0.0,0.0,0.0,0.0,-9.263367138985294e+75,-0.0
2611.0,0.0,-0.15,0.0,0.0,-1.09,-0.2,36.53,,,0.0,-0.0,0.0,0.0,0.0,0.0,0.0,-1.852673427797059e+76,-0.0
2621.0,0.0,-0.15,0.0,0.0,-1.09,-0.2,36.53,,,0.0,-0.0,0.0,0.0,0.0,0.0,0.0,-3.705346855594118e+76,-0.0
2631.0,0.0,-0.15,0.0,0.0,-1.09,-0.2,36.53,,,0.0,-0.0,0.0,0.0,0.0,0.0,0.0,-7.410693711188235e+76,-0.0
2641.0,0.0,-0.15,0.0,0.0,-1.09,-0.2,36.53,,,0.0,-0.0,0.0,0.0,0.0,0.0,0.0,-1.482138742237647e+77,-0.0
2651.0,0.0,-0.15,0.0,0.0,-1.09,-0.2,36.53,,,0.0,-0.0,0.0,0.0,0.0,0.0,0.0,-2.964277484475294e+77,-0.0
2661.0,0.0,-0.15,0.0,0.0,-1.09,-0.2,36.53,,,0.0,-0.0,0.0,0.0,0.0,0.0,0.0,-5.928554968950588e+77,-0.0
2671.0,0.0,-0.15,0.0,0.0,-1.09,-0.2,36.53,,,0.0,-0.0,0.0,0.0,0.0,0.0,0.0,-1.1857109937901177e+78,-0.0
2681.0,0.0,-0.15,0.0,0.0,-1.09,-0.2,36.53,,,0.0,-0.0,0.0,0.0,0.0,0.0,0.0,-2.3714219875802353e+78,-0.0
2691.0,0.0,-0.15,0.0,0.0,-1.09,-0.2,36.53,,,0.0,-0.0,0.0,0.0,0.0,0.0,0.0,-4.742843975160471e+78,-0.0
2701.0,0.0,-0.15,0.0,0.0,-1.09,-0.2,36.53,,,0.0,-0.0,0.0,0.0,0.0,0.0,0.0,-9.485687950320941e+78,-0.0
2711.0,0.0,-0.15,0.0,0.0,-1.09,-0.2,36.53,,,0.0,-0.0,0.0,0.0,0.0,0.0,0.0,-1.8971375900641883e+79,-0.0
2722.0,0.0,-0.15,0.0,0.0,-1.09,-0.2,36.53,,,0.0,-0.0,0.0,0.0,0.0,0.0,0.0,-3.7942751801283765e+79,-0.0
2731.0,0.0,-0.15,0.0,0.0,-1.09,-0.2,36.53,,,0.0,-0.0,0.0,0.0,0.0,0.0,0.0,-7.588550360256753e+79,-0.0
2741.0,0.0,-0.15,0.0,0.0,-1.09,-0.2,36.53,,,0.0,-0.0,0.0,0.0,0.0,0.0,0.0,-1.5177100720513506e+80,-0.0
2751.0,0.0,-0.15,0.0,0.0,-1.09,-0.2,36.53,,,0.0,-0.0,0.0,0.0,0.0,0.0,0.0,-3.035420144102701e+80,-0.0
2761.0,0.0,-0.15,0.0,0.0,-1.09,-0.2,36.53,,,0.0,-0.0,0.0,0.0,0.0,0.0,0.0,-6.070840288205402e+80,-0.0
2771.0,0.0,-0.15,0.0,0.0,-1.09,-0.2,36.53,,,0.0,-0.0,0.0,0.0,0.0,0.0,0.0,-1.2141680576410805e+81,-0.0
2781.0,0.0,-0.15,0.0,0.0,-1.09,-0.2,36.53,,,0.0,-0.0,0.0,0.0,0.0,0.0,0.0,-2.428336115282161e+81,-0.0
2791.0,0.0,-0.15,0.0,0.0,-1.09,-0.2,36.53,,,0.0,-0.0,0.0,0.0,0.0,0.0,0.0,-4.856672230564322e+81,-0.0
2801.0,0.0,-0.15,0.0,0.0,-1.09,-0.2,36.53,,,0.0,-0.0,0.0,0.0,0.0,0.0,0.0,-9.713344461128644e+81,-0.0
2811.0,0.0,-0.15,0.0,0.0,-1.09,-0.2,36.53,,,0.0,-0.0,0.0,0.0,0.0,0.0,0.0,-1.9426688922257288e+82,-0.0
2821.0,0.0,-0.15,0.0,0.0,-1.09,-0.2,36.53,,,0.0,-0.0,0.0,0.0,0.0,0.0,0.0,-3.8853377844514575e+82,-0.0
2831.0,0.0,-0.15,0.0,0.0,-1.09,-0.2,36.53,,,0.0,-0.0,0.0,0.0,0.0,0.0,0.0,-7.770675568902915e+82,-0.0
2841.0,0.0,-0.15,0.0,0.0,-1.09,-0.2,36.53,,,0.0,-0.0,0.0,0.0,0.0,0.0,0.0,-1.554135113780583e+83,-0.0
2851.0,0.0,-0.15,0.0,0.0,-1.09,-0.2,36.53,,,0.0,-0.0,0.0,0.0,0.0,0.0,0.0,-3.108270227561166e+83,-0.0
2861.0,0.0,-0.15,0.0,0.0,-1.09,-0.2,36.53,,,0.0,-0.0,0.0,0.0,0.0,0.0,0.0,-6.216540455122332e+83,-0.0
2871.0,0.0,-0.15,0.0,0.0,-1.09,-0.2,36.53,,,0.0,-0.0,0.0,0.0,0.0,0.0,0.0,-1.2433080910244664e+84,-0.0
2881.0,0.0,-0.15,0.0,0.0,-1.09,-0.2,36.53,,,0.0,-0.0,0.0,0.0,0.0,0.0,0.0,-2.486616182048933e+84,-0.0
2891.0,0.0,-0.15,0.0,0.0,-1.09,-0.2,36.53,,,0.0,-0.0,0.0,0.0,0.0,0.0,0.0,-4.973232364097866e+84,-0.0
2901.0,0.0,-0.15,0.0,0.0,-1.09,-0.2,36.53,,,0.0,-0.0,0.0,0.0,0.0,0.0,0.0,-9.946464728195731e+84,-0.0
2911.0,0.0,-0.15,0.0,0.0,-1.09,-0.2,36.53,,,0.0,-0.0,0.0,0.0,0.0,0.0,0.0,-1.9892929456391463e+85,-0.0
2921.0,0.0,-0.15,0.0,0.0,-1.09,-0.2,36.53,,,0.0,-0.0,0.0,0.0,0.0,0.0,0.0,-3.9785858912782925e+85,-0.0
2931.0,0.0,-0.15,0.0,0.0,-1.09,-0.2,36.53,,,0.0,-0.0,0.0,0.0,0.0,0.0,0.0,-7.957171782556585e+85,-0.0
2941.0,0.0,-0.15,0.0,0.0,-1.09,-0.2,36.53,,,0.0,-0.0,0.0,0.0,0.0,0.0,0.0,-1.591434356511317e+86,-0.0
2951.0,0.0,-0.15,0.0,0.0,-1.09,-0.2,36.53,,,0.0,-0.0,0.0,0.0,0.0,0.0,0.0,-3.182868713022634e+86,-0.0
2961.0,0.0,-0.15,0.0,0.0,-1.09,-0.2,36.53,,,0.0,-0.0,0.0,0.0,0.0,0.0,0.0,-6.365737426045268e+86,-0.0
2971.0,0.0,-0.15,0.0,0.0,-1.09,-0.2,36.53,,,0.0,-0.0,0.0,0.0,0.0,0.0,0.0,-1.2731474852090536e+87,-0.0
2981.0,0.0,-0.15,0.0,0.0,-1.09,-0.2,36.53,,,0.0,-0.0,0.0,0.0,0.0,0.0,0.0,-2.546294970418107e+87,-0.0
2991.0,0.0,-0.15,0.0,0.0,-1.09,-0.2,36.53,,,0.0,-0.0,0.0,0.0,0.0,0.0,0.0,-5.092589940836214e+87,-0.0
3001.0,0.0,-0.15,0.0,0.0,-1.09,-0.2,36.53,,,0.0,-0.0,0.0,0.0,0.0,0.0,0.0,-1.0185179881672429e+88,-0.0
3011.0,0.0,-0.15,0.0,0.0,-1.09,-0.2,36.53,,,0.0,-0.0,0.0,0.0,0.0,0.0,0.0,-2.0370359763344858e+88,-0.0
3021.0,0.0,-0.15,0.0,0.0,-1.09,-0.2,36.53,,,0.0,-0.0,0.0,0.0,0.0,0.0,0.0,-4.0740719526689716e+88,-0.0
3031.0,0.0,-0.15,0.0,0.0,-1.09,-0.2,36.53,,,0.0,-0.0,0.0,0.0,0.0,0.0,0.0,-8.148143905337943e+88,-0.0
3041.0,0.0,-0.15,0.0,0.0,-1.09,-0.2,36.53,,,0.0,-0.0,0.0,0.0,0.0,0.0,0.0,-1.6296287810675886e+89,-0.0
3051.0,0.0,-0.15,0.0,0.0,-1.09,-0.2,36.53,,,0.0,-0.0,0.0,0.0,0.0,0.0,0.0,-3.259257562135177e+89,-0.0
3061.0,0.0,-0.15,0.0,0.0,-1.09,-0.2,36.53,,,0.0,-0.0,0.0,0.0,0.0,0.0,0.0,-6.518515124270354e+89,-0.0
3071.0,0.0,-0.15,0.0,0.0,-1.09,-0.2,36.53,,,0.0,-0.0,0.0,0.0,0.0,0.0,0.0,-1.303703024854071e+90,-0.0
3081.0,0.0,-0.15,0.0,0.0,-1.09,-0.2,36.53,,,0.0,-0.0,0.0,0.0,0.0,0.0,0.0,-2.607406049708142e+90,-0.0
3091.0,0.0,-0.15,0.0,0.0,-1.09,-0.2,36.53,,,0.0,-0.0,0.0,0.0,0.0,0.0,0.0,-5.214812099416284e+90,-0.0
3101.0,0.0,-0.15,0.0,0.0,-1.09,-0.2,36.53,,,0.0,-0.0,0.0,0.0,0.0,0.0,0.0,-1.0429624198832567e+91,-0.0
3111.0,0.0,-0.15,0.0,0.0,-1.09,-0.2,36.53,,,0.0,-0.0,0.0,0.0,0.0,0.0,0.0,-2.0859248397665134e+91,-0.0
3121.0,0.0,-0.15,0.0,0.0,-1.09,-0.2,36.53,,,0.0,-0.0,0.0,0.0,0.0,0.0,0.0,-4.171849679533027e+91,-0.0
3131.0,0.0,-0.15,0.0,0.0,-1.09,-0.2,36.53,,,0.0,-0.0,0.0,0.0,0.0,0.0,0.0,-8.343699359066054e+91,-0.0
3141.0,0.0,-0.15,0.0,0.0,-1.09,-0.2,36.53,,,0.0,-0.0,0.0,0.0,0.0,0.0,0.0,-1.6687398718132107e+92,-0.0
3151.0,0.0,-0.15,0.0,0.0,-1.09,-0.2,36.53,,,0.0,-0.0,0.0,0.0,0.0,0.0,0.0,-3.3374797436264215e+92,-0.0
3161.0,0.0,-0.15,0.0,0.0,-1.09,-0.2,36.53,,,0.0,-0.0,0.0,0.0,0.0,0.0,0.0,-6.674959487252843e+92,-0.0
3171.0,0.0,-0.15,0.0,0.0,-1.09,-0.2,36.53,,,0.0,-0.0,0.0,0.0,0.0,0.0,0.0,-1.3349918974505686e+93,-0.0
3181.0,0.0,-0.15,0.0,0.0,-1.09,-0.2,36.53,,,0.0,-0.0,0.0,0.0,0.0,0.0,0.0,-2.669983794901137e+93,-0.0
3191.0,0.0,-0.15,0.0,0.0,-1.09,-0.2,36.53,,,0.0,-0.0,0.0,0.0,0.0,0.0,0.0,-5.339967589802274e+93,-0.0
3201.0,0.0,-0.15,0.0,0.0,-1.09,-0.2,36.53,,,0.0,-0.0,0.0,0.0,0.0,0.0,0.0,-1.0679935179604549e+94,-0.0
3211.0,0.0,-0.15,0.0,0.0,-1.09,-0.2,36.53,,,0.0,-0.0,0.0,0.0,0.0,0.0,0.0,-2.1359870359209098e+94,-0.0
3221.0,0.0,-0.15,0.0,0.0,-1.09,-0.2,36.53,,,0.0,-0.0,0.0,0.0,0.0,0.0,0.0,-4.2719740718418195e+94,-0.0
3231.0,0.0,-0.15,0.0,0.0,-1.09,-0.2,36.53,,,0.0,-0.0,0.0,0.0,0.0,0.0,0.0,-8.543948143683639e+94,-0.0
3241.0,0.0,-0.15,0.0,0.0,-1.09,-0.2,36.53,,,0.0,-0.0,0.0,0.0,0.0,0.0,0.0,-1.7087896287367278e+95,-0.0
3251.0,0.0,-0.15,0.0,0.0,-1.09,-0.2,36.53,,,0.0,-0.0,0.0,0.0,0.0,0.0,0.0,-3.4175792574734556e+95,-0.0
3261.0,0.0,-0.15,0.0,0.0,-1.09,-0.2,36.53,,,0.0,-0.0,0.0,0.0,0.0,0.0,0.0,-6.835158514946911e+95,-0.0
3271.0,0.0,-0.15,0.0,0.0,-1.09,-0.2,36.53,,,0.0,-0.0,0.0,0.0,0.0,0.0,0.0,-1.3670317029893822e+96,-0.0
3281.0,0.0,-0.15,0.0,0.0,-1.09,-0.2,36.53,,,0.0,-0.0,0.0,0.0,0.0,0.0,0.0,-2.7340634059787645e+96,-0.0
3291.0,0.0,-0.15,0.0,0.0,-1.09,-0.2,36.53,,,0.0,-0.0,0.0,0.0,0.0,0.0,0.0,-5.468126811957529e+96,-0.0
3301.0,0.0,-0.15,0.0,0.0,-1.09,-0.2,36.53,,,0.0,-0.0,0.0,0.0,0.0,0.0,0.0,-1.0936253623915058e+97,-0.0
3311.0,0.0,-0.15,0.0,0.0,-1.09,-0.2,36.53,,,0.0,-0.0,0.0,0.0,0.0,0.0,0.0,-2.1872507247830116e+97,-0.0
3321.0,0.0,-0.15,0.0,0.0,-1.09,-0.2,36.53,,,0.0,-0.0,0.0,0.0,0.0,0.0,0.0,-4.374501449566023e+97,-0.0
3331.0,0.0,-0.15,0.0,0.0,-1.09,-0.2,36.53,,,0.0,-0.0,0.0,0.0,0.0,0.0,0.0,-8.749002899132046e+97,-0.0
3341.0,0.0,-0.15,0.0,0.0,-1.09,-0.2,36.53,,,0.0,-0.0,0.0,0.0,0.0,0.0,0.0,-1.7498005798264093e+98,-0.0
3351.0,0.0,-0.15,0.0,0.0,-1.09,-0.2,36.53,,,0.0,-0.0,0.0,0.0,0.0,0.0,0.0,-3.4996011596528185e+98,-0.0
3361.0,0.0,-0.15,0.0,0.0,-1.09,-0.2,36.53,,,0.0,-0.0,0.0,0.0,0.0,0.0,0.0,-6.999202319305637e+98,-0.0
3371.0,0.0,-0.15,0.0,0.0,-1.09,-0.2,36.53,,,0.0,-0.0,0.0,0.0,0.0,0.0,0.0,-1.3998404638611274e+99,-0.0
3381.0,0.0,-0.15,0.0,0.0,-1.09,-0.2,36.53,,,0.0,-0.0,0.0,0.0,0.0,0.0,0.0,-2.799680927722255e+99,-0.0
3391.0,0.0,-0.15,0.0,0.0,-1.09,-0.2,36.53,,,0.0,-0.0,0.0,0.0,0.0,0.0,0.0,-5.59936185544451e+99,-0.0
3401.0,0.0,-0.15,0.0,0.0,-1.09,-0.2,36.53,,,0.0,-0.0,0.0,0.0,0.0,0.0,0.0,-1.119872371088902e+100,-0.0
3411.0,0.0,-0.15,0.0,0.0,-1.09,-0.2,36.53,,,0.0,-0.0,0.0,0.0,0.0,0.0,0.0,-2.239744742177804e+100,-0.0
3421.0,0.0,-0.15,0.0,0.0,-1.09,-0.2,36.53,,,0.0,-0.0,0.0,0.0,0.0,0.0,0.0,-4.479489484355608e+100,-0.0
3431.0,0.0,-0.15,0.0,0.0,-1.09,-0.2,36.53,,,0.0,-0.0,0.0,0.0,0.0,0.0,0.0,-8.958978968711215e+100,-0.0
3441.0,0.0,-0.15,0.0,0.0,-1.09,-0.2,36.53,,,0.0,-0.0,0.0,0.0,0.0,0.0,0.0,-1.791795793742243e+101,-0.0
3451.0,0.0,-0.15,0.0,0.0,-1.09,-0.2,36.53,,,0.0,-0.0,0.0,0.0,0.0,0.0,0.0,-3.583591587484486e+101,-0.0
3461.0,0.0,-0.15,0.0,0.0,-1.09,-0.2,36.53,,,0.0,-0.0,0.0,0.0,0.0,0.0,0.0,-7.167183174968972e+101,-0.0
3471.0,0.0,-0.15,0.0,0.0,-1.09,-0.2,36.53,,,0.0,-0.0,0.0,0.0,0.0,0.0,0.0,-1.4334366349937945e+102,-0.0
3481.0,0.0,-0.15,0.0,0.0,-1.09,-0.2,36.53,,,0.0,-0.0,0.0,0.0,0.0,0.0,0.0,-2.866873269987589e+102,-0.0
3491.0,0.0,-0.15,0.0,0.0,-1.09,-0.2,36.53,,,0.0,-0.0,0.0,0.0,0.0,0.0,0.0,-5.733746539975178e+102,-0.0
3501.0,0.0,-0.15,0.0,0.0,-1.09,-0.2,36.53,,,0.0,-0.0,0.0,0.0,0.0,0.0,0.0,-1.1467493079950356e+103,-0.0
3511.0,0.0,-0.15,0.0,0.0,-1.09,-0.2,36.53,,,0.0,-0.0,0.0,0.0,0.0,0.0,0.0,-2.293498615990071e+103,-0.0
3521.0,0.0,-0.15,0.0,0.0,-1.09,-0.2,36.53,,,0.0,-0.0,0.0,0.0,0.0,0.0,0.0,-4.586997231980142e+103,-0.0
3531.0,0.0,-0.15,0.0,0.0,-1.09,-0.2,36.53,,,0.0,-0.0,0.0,0.0,0.0,0.0,0.0,-9.173994463960285e+103,-0.0
3541.0,0.0,-0.15,0.0,0.0,-1.09,-0.2,36.53,,,0.0,-0.0,0.0,0.0,0.0,0.0,0.0,-1.834798892792057e+104,-0.0
3551.0,0.0,-0.15,0.0,0.0,-1.09,-0.2,36.53,,,0.0,-0.0,0.0,0.0,0.0,0.0,0.0,-3.669597785584114e+104,-0.0
3561.0,0.0,-0.15,0.0,0.0,-1.09,-0.2,36.53,,,0.0,-0.0,0.0,0.0,0.0,0.0,0.0,-7.339195571168228e+104,-0.0
3571.0,0.0,-0.15,0.0,0.0,-1.09,-0.2,36.53,,,0.0,-0.0,0.0,0.0,0.0,0.0,0.0,-1.4678391142336455e+105,-0.0
3581.0,0.0,-0.15,0.0,0.0,-1.09,-0.2,36.53,,,0.0,-0.0,0.0,0.0,0.0,0.0,0.0,-2.935678228467291e+105,-0.0
3591.0,0.0,-0.15,0.0,0.0,-1.09,-0.2,36.53,,,0.0,-0.0,0.0,0.0,0.0,0.0,0.0,-5.871356456934582e+105,-0.0
3601.0,0.0,-0.15,0.0,0.0,-1.09,-0.2,36.53,,,0.0,-0.0,0.0,0.0,0.0,0.0,0.0,-1.1742712913869164e+106,-0.0
3611.0,0.0,-0.15,0.0,0.0,-1.09,-0.2,36.53,,,0.0,-0.0,0.0,0.0,0.0,0.0,0.0,-2.348542582773833e+106,-0.0
3621.0,0.0,-0.15,0.0,0.0,-1.09,-0.2,36.53,,,0.0,-0.0,0.0,0.0,0.0,0.0,0.0,-4.697085165547666e+106,-0.0
3631.0,0.0,-0.15,0.0,0.0,-1.09,-0.2,36.53,,,0.0,-0.0,0.0,0.0,0.0,0.0,0.0,-9.394170331095331e+106,-0.0
3641.0,0.0,-0.15,0.0,0.0,-1.09,-0.2,36.53,,,0.0,-0.0,0.0,0.0,0.0,0.0,0.0,-1.8788340662190663e+107,-0.0
3651.0,0.0,-0.15,0.0,0.0,-1.09,-0.2,36.53,,,0.0,-0.0,0.0,0.0,0.0,0.0,0.0,-3.7576681324381326e+107,-0.0
3661.0,0.0,-0.15,0.0,0.0,-1.09,-0.2,36.53,,,0.0,-0.0,0.0,0.0,0.0,0.0,0.0,-7.515336264876265e+107,-0.0
3671.0,0.0,-0.15,0.0,0.0,-1.09,-0.2,36.53,,,0.0,-0.0,0.0,0.0,0.0,0.0,0.0,-1.503067252975253e+108,-0.0
3681.0,0.0,-0.15,0.0,0.0,-1.09,-0.2,36.53,,,0.0,-0.0,0.0,0.0,0.0,0.0,0.0,-3.006134505950506e+108,-0.0
3691.0,0.0,-0.15,0.0,0.0,-1.09,-0.2,36.53,,,0.0,-0.0,0.0,0.0,0.0,0.0,0.0,-6.012269011901012e+108,-0.0
3701.0,0.0,-0.15,0.0,0.0,-1.09,-0.2,36.53,,,0.0,-0.0,0.0,0.0,0.0,0.0,0.0,-1.2024538023802024e+109,-0.0
3711.0,0.0,-0.15,0.0,0.0,-1.09,-0.2,36.53,,,0.0,-0.0,0.0,0.0,0.0,0.0,0.0,-2.404907604760405e+109,-0.0
3721.0,0.0,-0.15,0.0,0.0,-1.09,-0.2,36.53,,,0.0,-0.0,0.0,0.0,0.0,0.0,0.0,-4.80981520952081e+109,-0.0
3731.0,0.0,-0.15,0.0,0.0,-1.09,-0.2,36.53,,,0.0,-0.0,0.0,0.0,0.0,0.0,0.0,-9.61963041904162e+109,-0.0
3741.0,0.0,-0.15,0.0,0.0,-1.09,-0.2,36.53,,,0.0,-0.0,0.0,0.0,0.0,0.0,0.0,-1.923926083808324e+110,-0.0
3751.0,0.0,-0.15,0.0,0.0,-1.09,-0.2,36.53,,,0.0,-0.0,0.0,0.0,0.0,0.0,0.0,-3.847852167616648e+110,-0.0
3761.0,0.0,-0.15,0.0,0.0,-1.09,-0.2,36.53,,,0.0,-0.0,0.0,0.0,0.0,0.0,0.0,-7.695704335233296e+110,-0.0
3771.0,0.0,-0.15,0.0,0.0,-1.09,-0.2,36.53,,,0.0,-0.0,0.0,0.0,0.0,0.0,0.0,-1.539140867046659e+111,-0.0
3781.0,0.0,-0.15,0.0,0.0,-1.09,-0.2,36.53,,,0.0,-0.0,0.0,0.0,0.0,0.0,0.0,-3.078281734093318e+111,-0.0
3791.0,0.0,-0.15,0.0,0.0,-1.09,-0.2,36.53,,,0.0,-0.0,0.0,0.0,0.0,0.0,0.0,-6.156563468186636e+111,-0.0
3801.0,0.0,-0.15,0.0,0.0,-1.09,-0.2,36.53,,,0.0,-0.0,0.0,0.0,0.0,0.0,0.0,-1.2313126936373273e+112,-0.0
3811.0,0.0,-0.15,0.0,0.0,-1.09,-0.2,36.53,,,0.0,-0.0,0.0,0.0,0.0,0.0,0.0,-2.4626253872746546e+112,-0.0
3821.0,0.0,-0.15,0.0,0.0,-1.09,-0.2,36.53,,,0.0,-0.0,0.0,0.0,0.0,0.0,0.0,-4.925250774549309e+112,-0.0
3831.0,0.0,-0.15,0.0,0.0,-1.09,-0.2,36.53,,,0.0,-0.0,0.0,0.0,0.0,0.0,0.0,-9.850501549098618e+112,-0.0
3841.0,0.0,-0.15,0.0,0.0,-1.09,-0.2,36.53,,,0.0,-0.0,0.0,0.0,0.0,0.0,0.0,-1.9701003098197237e+113,-0.0
3851.0,0.0,-0.15,0.0,0.0,-1.09,-0.2,36.53,,,0.0,-0.0,0.0,0.0,0.0,0.0,0.0,-3.940200619639447e+113,-0.0
3861.0,0.0,-0.15,0.0,0.0,-1.09,-0.2,36.53,,,0.0,-0.0,0.0,0.0,0.0,0.0,0.0,-7.880401239278895e+113,-0.0
3871.0,0.0,-0.15,0.0,0.0,-1.09,-0.2,36.53,,,0.0,-0.0,0.0,0.0,0.0,0.0,0.0,-1.576080247855779e+114,-0.0
3881.0,0.0,-0.15,0.0,0.0,-1.09,-0.2,36.53,,,0.0,-0.0,0.0,0.0,0.0,0.0,0.0,-3.152160495711558e+114,-0.0
3891.0,0.0,-0.15,0.0,0.0,-1.09,-0.2,36.53,,,0.0,-0.0,0.0,0.0,0.0,0.0,0.0,-6.304320991423116e+114,-0.0
3901.0,0.0,-0.15,0.0,0.0,-1.09,-0.2,36.53,,,0.0,-0.0,0.0,0.0,0.0,0.0,0.0,-1.2608641982846231e+115,-0.0
3911.0,0.0,-0.15,0.0,0.0,-1.09,-0.2,36.53,,,0.0,-0.0,0.0,0.0,0.0,0.0,0.0,-2.5217283965692463e+115,-0.0
3921.0,0.0,-0.15,0.0,0.0,-1.09,-0.2,36.53,,,0.0,-0.0,0.0,0.0,0.0,0.0,0.0,-5.043456793138493e+115,-0.0
3931.0,0.0,-0.15,0.0,0.0,-1.09,-0.2,36.53,,,0.0,-0.0,0.0,0.0,0.0,0.0,0.0,-1.0086913586276985e+116,-0.0
3941.0,0.0,-0.15,0.0,0.0,-1.09,-0.2,36.53,,,0.0,-0.0,0.0,0.0,0.0,0.0,0.0,-2.017382717255397e+116,-0.0
3951.0,0.0,-0.15,0.0,0.0,-1.09,-0.2,36.53,,,0.0,-0.0,0.0,0.0,0.0,0.0,0.0,-4.034765434510794e+116,-0.0
3961.0,0.0,-0.15,0.0,0.0,-1.09,-0.2,36.53,,,0.0,-0.0,0.0,0.0,0.0,0.0,0.0,-8.069530869021588e+116,-0.0
3971.0,0.0,-0.15,0.0,0.0,-1.09,-0.2,36.53,,,0.0,-0.0,0.0,0.0,0.0,0.0,0.0,-1.6139061738043176e+117,-0.0
3981.0,0.0,-0.15,0.0,0.0,-1.09,-0.2,36.53,,,0.0,-0.0,0.0,0.0,0.0,0.0,0.0,-3.227812347608635e+117,-0.0
3991.0,0.0,-0.15,0.0,0.0,-1.09,-0.2,36.53,,,0.0,-0.0,0.0,0.0,0.0,0.0,0.0,-6.45562469521727e+117,-0.0
4001.0,0.0,-0.15,0.0,0.0,-1.09,-0.2,36.53,,,0.0,-0.0,0.0,0.0,0.0,0.0,0.0,-1.291124939043454e+118,-0.0
4011.0,0.0,-0.15,0.0,0.0,-1.09,-0.2,36.53,,,0.0,-0.0,0.0,0.0,0.0,0.0,0.0,-2.582249878086908e+118,-0.0
4021.0,0.0,-0.15,0.0,0.0,-1.09,-0.2,36.53,,,0.0,-0.0,0.0,0.0,0.0,0.0,0.0,-5.164499756173816e+118,-0.0
4031.0,0.0,-0.15,0.0,0.0,-1.09,-0.2,36.53,,,0.0,-0.0,0.0,0.0,0.0,0.0,0.0,-1.0328999512347633e+119,-0.0
4041.0,0.0,-0.15,0.0,0.0,-1.09,-0.2,36.53,,,0.0,-0.0,0.0,0.0,0.0,0.0,0.0,-2.0657999024695266e+119,-0.0
4051.0,0.0,-0.15,0.0,0.0,-1.09,-0.2,36.53,,,0.0,-0.0,0.0,0.0,0.0,0.0,0.0,-4.131599804939053e+119,-0.0
4061.0,0.0,-0.15,0.0,0.0,-1.09,-0.2,36.53,,,0.0,-0.0,0.0,0.0,0.0,0.0,0.0,-8.263199609878106e+119,-0.0
4071.0,0.0,-0.15,0.0,0.0,-1.09,-0.2,36.53,,,0.0,-0.0,0.0,0.0,0.0,0.0,0.0,-1.6526399219756212e+120,-0.0
4081.0,0.0,-0.15,0.0,0.0,-1.09,-0.2,36.53,,,0.0,-0.0,0.0,0.0,0.0,0.0,0.0,-3.3052798439512425e+120,-0.0
4091.0,0.0,-0.15,0.0,0.0,-1.09,-0.2,36.53,,,0.0,-0.0,0.0,0.0,0.0,0.0,0.0,-6.610559687902485e+120,-0.0
4101.0,0.0,-0.15,0.0,0.0,-1.09,-0.2,36.53,,,0.0,-0.0,0.0,0.0,0.0,0.0,0.0,-1.322111937580497e+121,-0.0
4111.0,0.0,-0.15,0.0,0.0,-1.09,-0.2,36.53,,,0.0,-0.0,0.0,0.0,0.0,0.0,0.0,-2.644223875160994e+121,-0.0
4121.0,0.0,-0.15,0.0,0.0,-1.09,-0.2,36.53,,,0.0,-0.0,0.0,0.0,0.0,0.0,0.0,-5.288447750321988e+121,-0.0
4131.0,0.0,-0.15,0.0,0.0,-1.09,-0.2,36.53,,,0.0,-0.0,0.0,0.0,0.0,0.0,0.0,-1.0576895500643976e+122,-0.0
4141.0,0.0,-0.15,0.0,0.0,-1.09,-0.2,36.53,,,0.0,-0.0,0.0,0.0,0.0,0.0,0.0,-2.1153791001287952e+122,-0.0
4151.0,0.0,-0.15,0.0,0.0,-1.09,-0.2,36.53,,,0.0,-0.0,0.0,0.0,0.0,0.0,0.0,-4.2307582002575904e+122,-0.0
4161.0,0.0,-0.15,0.0,0.0,-1.09,-0.2,36.53,,,0.0,-0.0,0.0,0.0,0.0,0.0,0.0,-8.461516400515181e+122,-0.0
4171.0,0.0,-0.15,0.0,0.0,-1.09,-0.2,36.53,,,0.0,-0.0,0.0,0.0,0.0,0.0,0.0,-1.6923032801030362e+123,-0.0
4181.0,0.0,-0.15,0.0,0.0,-1.09,-0.2,36.53,,,0.0,-0.0,0.0,0.0,0.0,0.0,0.0,-3.3846065602060723e+123,-0.0
4191.0,0.0,-0.15,0.0,0.0,-1.09,-0.2,36.53,,,0.0,-0.0,0.0,0.0,0.0,0.0,0.0,-6.769213120412145e+123,-0.0
4201.0,0.0,-0.15,0.0,0.0,-1.09,-0.2,36.53,,,0.0,-0.0,0.0,0.0,0.0,0.0,0.0,-1.353842624082429e+124,-0.0
4211.0,0.0,-0.15,0.0,0.0,-1.09,-0.2,36.53,,,0.0,-0.0,0.0,0.0,0.0,0.0,0.0,-2.707685248164858e+124,-0.0
4221.0,0.0,-0.15,0.0,0.0,-1.09,-0.2,36.53,,,0.0,-0.0,0.0,0.0,0.0,0.0,0.0,-5.415370496329716e+124,-0.0
4231.0,0.0,-0.15,0.0,0.0,-1.09,-0.2,36.53,,,0.0,-0.0,0.0,0.0,0.0,0.0,0.0,-1.0830740992659431e+125,-0.0
4241.0,0.0,-0.15,0.0,0.0,-1.09,-0.2,36.53,,,0.0,-0.0,0.0,0.0,0.0,0.0,0.0,-2.1661481985318863e+125,-0.0
4251.0,0.0,-0.15,0.0,0.0,-1.09,-0.2,36.53,,,0.0,-0.0,0.0,0.0,0.0,0.0,0.0,-4.3322963970637726e+125,-0.0
4261.0,0.0,-0.15,0.0,0.0,-1.09,-0.2,36.53,,,0.0,-0.0,0.0,0.0,0.0,0.0,0.0,-8.664592794127545e+125,-0.0
4271.0,0.0,-0.15,0.0,0.0,-1.09,-0.2,36.53,,,0.0,-0.0,0.0,0.0,0.0,0.0,0.0,-1.732918558825509e+126,-0.0
4281.0,0.0,-0.15,0.0,0.0,-1.09,-0.2,36.53,,,0.0,-0.0,0.0,0.0,0.0,0.0,0.0,-3.465837117651018e+126,-0.0
4291.0,0.0,-0.15,0.0,0.0,-1.09,-0.2,36.53,,,0.0,-0.0,0.0,0.0,0.0,0.0,0.0,-6.931674235302036e+126,-0.0
4301.0,0.0,-0.15,0.0,0.0,-1.09,-0.2,36.53,,,0.0,-0.0,0.0,0.0,0.0,0.0,0.0,-1.3863348470604072e+127,-0.0
4311.0,0.0,-0.15,0.0,0.0,-1.09,-0.2,36.53,,,0.0,-0.0,0.0,0.0,0.0,0.0,0.0,-2.7726696941208144e+127,-0.0
4321.0,0.0,-0.15,0.0,0.0,-1.09,-0.2,36.53,,,0.0,-0.0,0.0,0.0,0.0,0.0,0.0,-5.545339388241629e+127,-0.0
4331.0,0.0,-0.15,0.0,0.0,-1.09,-0.2,36.53,,,0.0,-0.0,0.0,0.0,0.0,0.0,0.0,-1.1090678776483258e+128,-0.0
4341.0,0.0,-0.15,0.0,0.0,-1.09,-0.2,36.53,,,0.0,-0.0,0.0,0.0,0.0,0.0,0.0,-2.2181357552966515e+128,-0.0
4351.0,0.0,-0.15,0.0,0.0,-1.09,-0.2,36.53,,,0.0,-0.0,0.0,0.0,0.0,0.0,0.0,-4.436271510593303e+128,-0.0
4361.0,0.0,-0.15,0.0,0.0,-1.09,-0.2,36.53,,,0.0,-0.0,0.0,0.0,0.0,0.0,0.0,-8.872543021186606e+128,-0.0
4371.0,0.0,-0.15,0.0,0.0,-1.09,-0.2,36.53,,,0.0,-0.0,0.0,0.0,0.0,0.0,0.0,-1.7745086042373212e+129,-0.0
4381.0,0.0,-0.15,0.0,0.0,-1.09,-0.2,36.53,,,0.0,-0.0,0.0,0.0,0.0,0.0,0.0,-3.5490172084746425e+129,-0.0
4391.0,0.0,-0.15,0.0,0.0,-1.09,-0.2,36.53,,,0.0,-0.0,0.0,0.0,0.0,0.0,0.0,-7.098034416949285e+129,-0.0
4401.0,0.0,-0.15,0.0,0.0,-1.09,-0.2,36.53,,,0.0,-0.0,0.0,0.0,0.0,0.0,0.0,-1.419606883389857e+130,-0.0
4411.0,0.0,-0.15,0.0,0.0,-1.09,-0.2,36.53,,,0.0,-0.0,0.0,0.0,0.0,0.0,0.0,-2.839213766779714e+130,-0.0
4421.0,0.0,-0.15,0.0,0.0,-1.09,-0.2,36.53,,,0.0,-0.0,0.0,0.0,0.0,0.0,0.0,-5.678427533559428e+130,-0.0
4431.0,0.0,-0.15,0.0,0.0,-1.09,-0.2,36.53,,,0.0,-0.0,0.0,0.0,0.0,0.0,0.0,-1.1356855067118856e+131,-0.0
4441.0,0.0,-0.15,0.0,0.0,-1.09,-0.2,36.53,,,0.0,-0.0,0.0,0.0,0.0,0.0,0.0,-2.271371013423771e+131,-0.0
4451.0,0.0,-0.15,0.0,0.0,-1.09,-0.2,36.53,,,0.0,-0.0,0.0,0.0,0.0,0.0,0.0,-4.542742026847542e+131,-0.0
4461.0,0.0,-0.15,0.0,0.0,-1.09,-0.2,36.53,,,0.0,-0.0,0.0,0.0,0.0,0.0,0.0,-9.085484053695085e+131,-0.0
4471.0,0.0,-0.15,0.0,0.0,-1.09,-0.2,36.53,,,0.0,-0.0,0.0,0.0,0.0,0.0,0.0,-1.817096810739017e+132,-0.0
4481.0,0.0,-0.15,0.0,0.0,-1.09,-0.2,36.53,,,0.0,-0.0,0.0,0.0,0.0,0.0,0.0,-3.634193621478034e+132,-0.0
4491.0,0.0,-0.15,0.0,0.0,-1.09,-0.2,36.53,,,0.0,-0.0,0.0,0.0,0.0,0.0,0.0,-7.268387242956068e+132,-0.0
4501.0,0.0,-0.15,0.0,0.0,-1.09,-0.2,36.53,,,0.0,-0.0,0.0,0.0,0.0,0.0,0.0,-1.4536774485912136e+133,-0.0
4511.0,0.0,-0.15,0.0,0.0,-1.09,-0.2,36.53,,,0.0,-0.0,0.0,0.0,0.0,0.0,0.0,-2.907354897182427e+133,-0.0
4521.0,0.0,-0.15,0.0,0.0,-1.09,-0.2,36.53,,,0.0,-0.0,0.0,0.0,0.0,0.0,0.0,-5.814709794364854e+133,-0.0
4531.0,0.0,-0.15,0.0,0.0,-1.09,-0.2,36.53,,,0.0,-0.0,0.0,0.0,0.0,0.0,0.0,-1.1629419588729708e+134,-0.0
4541.0,0.0,-0.15,0.0,0.0,-1.09,-0.2,36.53,,,0.0,-0.0,0.0,0.0,0.0,0.0,0.0,-2.3258839177459417e+134,-0.0
4551.0,0.0,-0.15,0.0,0.0,-1.09,-0.2,36.53,,,0.0,-0.0,0.0,0.0,0.0,0.0,0.0,-4.651767835491883e+134,-0.0
4561.0,0.0,-0.15,0.0,0.0,-1.09,-0.2,36.53,,,0.0,-0.0,0.0,0.0,0.0,0.0,0.0,-9.303535670983767e+134,-0.0
4571.0,0.0,-0.15,0.0,0.0,-1.09,-0.2,36.53,,,0.0,-0.0,0.0,0.0,0.0,0.0,0.0,-1.8607071341967534e+135,-0.0
4581.0,0.0,-0.15,0.0,0.0,-1.09,-0.2,36.53,,,0.0,-0.0,0.0,0.0,0.0,0.0,0.0,-3.721414268393507e+135,-0.0
4591.0,0.0,-0.15,0.0,0.0,-1.09,-0.2,36.53,,,0.0,-0.0,0.0,0.0,0.0,0.0,0.0,-7.442828536787013e+135,-0.0
4601.0,0.0,-0.15,0.0,0.0,-1.09,-0.2,36.53,,,0.0,-0.0,0.0,0.0,0.0,0.0,0.0,-1.4885657073574027e+136,-0.0
4611.0,0.0,-0.15,0.0,0.0,-1.09,-0.2,36.53,,,0.0,-0.0,0.0,0.0,0.0,0.0,0.0,-2.9771314147148054e+136,-0.0
4621.0,0.0,-0.15,0.0,0.0,-1.09,-0.2,36.53,,,0.0,-0.0,0.0,0.0,0.0,0.0,0.0,-5.954262829429611e+136,-0.0
4631.0,0.0,-0.15,0.0,0.0,-1.09,-0.2,36.53,,,0.0,-0.0,0.0,0.0,0.0,0.0,0.0,-1.1908525658859221e+137,-0.0
4641.0,0.0,-0.15,0.0,0.0,-1.09,-0.2,36.53,,,0.0,-0.0,0.0,0.0,0.0,0.0,0.0,-2.3817051317718443e+137,-0.0
4651.0,0.0,-0.15,0.0,0.0,-1.09,-0.2,36.53,,,0.0,-0.0,0.0,0.0,0.0,0.0,0.0,-4.763410263543689e+137,-0.0
4661.0,0.0,-0.15,0.0,0.0,-1.09,-0.2,36.53,,,0.0,-0.0,0.0,0.0,0.0,0.0,0.0,-9.526820527087377e+137,-0.0
4671.0,0.0,-0.15,0.0,0.0,-1.09,-0.2,36.53,,,0.0,-0.0,0.0,0.0,0.0,0.0,0.0,-1.9053641054174754e+138,-0.0
4681.0,0.0,-0.15,0.0,0.0,-1.09,-0.2,36.53,,,0.0,-0.0,0.0,0.0,0.0,0.0,0.0,-3.810728210834951e+138,-0.0
4691.0,0.0,-0.15,0.0,0.0,-1.09,-0.2,36.53,,,0.0,-0.0,0.0,0.0,0.0,0.0,0.0,-7.621456421669902e+138,-0.0
4701.0,0.0,-0.15,0.0,0.0,-1.09,-0.2,36.53,,,0.0,-0.0,0.0,0.0,0.0,0.0,0.0,-1.5242912843339803e+139,-0.0
4711.0,0.0,-0.15,0.0,0.0,-1.09,-0.2,36.53,,,0.0,-0.0,0.0,0.0,0.0,0.0,0.0,-3.0485825686679607e+139,-0.0
4721.0,0.0,-0.15,0.0,0.0,-1.09,-0.2,36.53,,,0.0,-0.0,0.0,0.0,0.0,0.0,0.0,-6.097165137335921e+139,-0.0
4731.0,0.0,-0.15,0.0,0.0,-1.09,-0.2,36.53,,,0.0,-0.0,0.0,0.0,0.0,0.0,0.0,-1.2194330274671843e+140,-0.0
4741.0,0.0,-0.15,0.0,0.0,-1.09,-0.2,36.53,,,0.0,-0.0,0.0,0.0,0.0,0.0,0.0,-2.4388660549343686e+140,-0.0
4751.0,0.0,-0.15,0.0,0.0,-1.09,-0.2,36.53,,,0.0,-0.0,0.0,0.0,0.0,0.0,0.0,-4.877732109868737e+140,-0.0
4761.0,0.0,-0.15,0.0,0.0,-1.09,-0.2,36.53,,,0.0,-0.0,0.0,0.0,0.0,0.0,0.0,-9.755464219737474e+140,-0.0
4771.0,0.0,-0.15,0.0,0.0,-1.09,-0.2,36.53,,,0.0,-0.0,0.0,0.0,0.0,0.0,0.0,-1.951092843947495e+141,-0.0
4781.0,0.0,-0.15,0.0,0.0,-1.09,-0.2,36.53,,,0.0,-0.0,0.0,0.0,0.0,0.0,0.0,-3.90218568789499e+141,-0.0
4791.0,0.0,-0.15,0.0,0.0,-1.09,-0.2,36.53,,,0.0,-0.0,0.0,0.0,0.0,0.0,0.0,-7.80437137578998e+141,-0.0
4801.0,0.0,-0.15,0.0,0.0,-1.09,-0.2,36.53,,,0.0,-0.0,0.0,0.0,0.0,0.0,0.0,-1.560874275157996e+142,-0.0
4811.0,0.0,-0.15,0.0,0.0,-1.09,-0.2,36.53,,,0.0,-0.0,0.0,0.0,0.0,0.0,0.0,-3.121748550315992e+142,-0.0
4821.0,0.0,-0.15,0.0,0.0,-1.09,-0.2,36.53,,,0.0,-0.0,0.0,0.0,0.0,0.0,0.0,-6.243497100631984e+142,-0.0
4831.0,0.0,-0.15,0.0,0.0,-1.09,-0.2,36.53,,,0.0,-0.0,0.0,0.0,0.0,0.0,0.0,-1.2486994201263967e+143,-0.0
4841.0,0.0,-0.15,0.0,0.0,-1.09,-0.2,36.53,,,0.0,-0.0,0.0,0.0,0.0,0.0,0.0,-2.4973988402527934e+143,-0.0
4851.0,0.0,-0.15,0.0,0.0,-1.09,-0.2,36.53,,,0.0,-0.0,0.0,0.0,0.0,0.0,0.0,-4.994797680505587e+143,-0.0
4861.0,0.0,-0.15,0.0,0.0,-1.09,-0.2,36.53,,,0.0,-0.0,0.0,0.0,0.0,0.0,0.0,-9.989595361011174e+143,-0.0
4871.0,0.0,-0.15,0.0,0.0,-1.09,-0.2,36.53,,,0.0,-0.0,0.0,0.0,0.0,0.0,0.0,-1.9979190722022347e+144,-0.0
4881.0,0.0,-0.15,0.0,0.0,-1.09,-0.2,36.53,,,0.0,-0.0,0.0,0.0,0.0,0.0,0.0,-3.9958381444044694e+144,-0.0
4891.0,0.0,-0.15,0.0,0.0,-1.09,-0.2,36.53,,,0.0,-0.0,0.0,0.0,0.0,0.0,0.0,-7.991676288808939e+144,-0.0
4901.0,0.0,-0.15,0.0,0.0,-1.09,-0.2,36.53,,,0.0,-0.0,0.0,0.0,0.0,0.0,0.0,-1.5983352577617878e+145,-0.0
4911.0,0.0,-0.15,0.0,0.0,-1.09,-0.2,36.53,,,0.0,-0.0,0.0,0.0,0.0,0.0,0.0,-3.1966705155235756e+145,-0.0
4921.0,0.0,-0.15,0.0,0.0,-1.09,-0.2,36.53,,,0.0,-0.0,0.0,0.0,0.0,0.0,0.0,-6.393341031047151e+145,-0.0
4931.0,0.0,-0.15,0.0,0.0,-1.09,-0.2,36.53,,,0.0,-0.0,0.0,0.0,0.0,0.0,0.0,-1.2786682062094302e+146,-0.0
4941.0,0.0,-0.15,0.0,0.0,-1.09,-0.2,36.53,,,0.0,-0.0,0.0,0.0,0.0,0.0,0.0,-2.5573364124188604e+146,-0.0
4951.0,0.0,-0.15,0.0,0.0,-1.09,-0.2,36.53,,,0.0,-0.0,0.0,0.0,0.0,0.0,0.0,-5.114672824837721e+146,-0.0
4961.0,0.0,-0.15,0.0,0.0,-1.09,-0.2,36.53,,,0.0,-0.0,0.0,0.0,0.0,0.0,0.0,-1.0229345649675442e+147,-0.0
4971.0,0.0,-0.15,0.0,0.0,-1.09,-0.2,36.53,,,0.0,-0.0,0.0,0.0,0.0,0.0,0.0,-2.0458691299350884e+147,-0.0
4981.0,0.0,-0.15,0.0,0.0,-1.09,-0.2,36.53,,,0.0,-0.0,0.0,0.0,0.0,0.0,0.0,-4.091738259870177e+147,-0.0
4991.0,0.0,-0.15,0.0,0.0,-1.09,-0.2,36.53,,,0.0,-0.0,0.0,0.0,0.0,0.0,0.0,-8.183476519740353e+147,-0.0
